in ppm,persons,in cm,output
21.43467896,172,4.497946204,1
7.385607133,70,21.79468641,0
11.15084469,98,17.31999695,0
23.60216507,188,1.934832082,1
16.48841774,138,10.5288496,1
23.87093937,190,1.454242166,1
14.59906371,126,12.58022306,1
2.060115808,34,27.67334036,0
13.46814157,116,14.12150019,1
19.42033607,158,6.571025945,1
10.75494058,96,17.79190824,0
3.128159666,41,26.43753746,0
5.249003705,56,24.12517855,0
5.021456938,54,24.38671267,0
5.300433058,56,24.12097074,0
17.87387543,147,8.696563852,1
18.18133649,150,8.176792953,1
19.29833173,156,6.886977075,1
16.58955168,139,10.47704024,1
5.07228799,55,24.32209901,0
19.18194378,156,6.994568268,1
20.1625929,163,5.965182238,1
10.00682171,90,18.59136935,0
0.561983437,25,29.32071323,0
18.42316187,151,7.848462891,1
2.535360645,37,27.02367902,0
4.158076108,48,25.32944603,0
5.596043568,58,23.7029441,0
0.08911211,20,29.8513803,0
11.98007879,105,16.16193959,0
16.3250108,137,10.66977839,1
12.26490374,107,15.82129394,0
19.15045942,155,7.062215327,1
9.036275046,82,19.89503293,0
14.57647664,126,12.63510117,1
23.16405436,186,2.385040654,1
2.289272661,35,27.30818021,0
8.888566721,81,20.03222073,0
23.45324918,187,2.042840144,1
21.30413377,172,4.703149932,1
2.773763268,39,26.8213652,0
3.799023189,46,25.81916635,0
7.066608294,68,22.21767778,0
8.970132522,81,19.95168815,0
20.50346724,166,5.444527445,1
20.45566118,166,5.529756698,1
3.91005925,46,25.65252417,0
9.335151107,85,19.54536485,0
16.09475768,136,10.78525164,1
23.02213027,184,2.608146288,1
9.421342098,86,19.45864034,0
4.120064484,48,25.38616633,0
14.26899063,123,13.040233,1
14.8674683,128,12.29634267,1
15.7505902,134,11.19496174,1
9.349444595,85,19.53228578,0
0.171952513,22,29.72946601,0
12.98029736,112,15.07592341,1
0.877201388,27,28.80619431,0
6.665533142,65,22.56742248,0
4.769653173,52,24.65247921,0
13.04521448,113,14.93380312,1
6.294793598,63,22.83162403,0
9.835733646,89,18.91314438,0
3.089761829,41,26.48555941,0
21.62737366,174,4.276334858,1
3.990454116,47,25.56239927,0
24.94070193,199,0.062140347,1
10.14962373,91,18.42150239,0
1.467267941,31,28.21333866,0
6.784755994,66,22.47388174,0
9.584854111,87,19.34255715,0
4.522112952,51,24.92394843,0
16.15071575,136,10.76984449,1
2.992894154,40,26.62234754,0
17.62606667,145,9.074549504,1
18.69482415,153,7.540992805,1
12.98385558,112,15.06697174,1
22.27290091,178,3.380791481,1
1.825648222,33,27.83033126,0
23.3643733,186,2.164019931,1
0.037565715,20,29.96741238,0
5.96831198,60,23.20129939,0
15.78909499,134,11.12205032,1
6.384258392,64,22.74065207,0
1.905032207,33,27.72651511,0
11.50450615,101,16.85323033,0
13.80783532,119,13.72157271,1
24.59592011,196,0.551006201,1
12.36363727,107,15.77815138,0
22.44658931,180,3.281815341,1
5.916272834,60,23.25349386,0
0.411480615,23,29.46765069,0
5.736174832,58,23.56061245,0
18.62268028,153,7.655441814,1
16.30370368,137,10.67274401,1
1.565997995,31,28.11656557,0
7.953443517,73,21.2462751,0
20.55266176,166,5.387319324,1
15.64446396,133,11.42837318,1
5.791219781,59,23.46393629,0
16.93774316,141,10.08772818,1
20.25572722,164,5.900626898,1
9.688170674,87,19.18988532,0
14.72446021,127,12.5138063,1
0.974961499,28,28.62202298,0
8.952709558,81,19.97429901,0
19.31384129,157,6.775330732,1
1.961039683,34,27.7132894,0
24.30461395,194,0.90938951,1
20.93752288,169,5.098476652,1
9.749342034,88,19.07823404,0
2.56702421,37,26.98538378,0
16.5004801,138,10.52174249,1
21.28969722,171,4.73571151,1
15.74139818,133,11.23368537,1
4.549752419,51,24.89767644,0
22.09191127,177,3.55209887,1
9.584791611,87,19.35401254,0
21.2668514,171,4.768162059,1
20.33002658,164,5.719804924,1
18.81491922,154,7.377774404,1
24.45299473,195,0.708798939,1
20.11568451,163,5.981381289,1
8.017777615,73,21.20738175,0
21.6093642,174,4.339143471,1
8.046380192,74,21.19404796,0
6.05540577,61,23.13524821,0
23.80013157,190,1.653110025,1
10.913382,97,17.55367433,0
20.83234278,168,5.147532824,1
19.32972238,157,6.700980404,1
0.834337898,27,28.87788354,0
21.11707632,170,4.974293154,1
0.936409375,27,28.66383552,0
24.35682646,194,0.895006393,1
21.80349502,175,4.089835503,1
0.637075824,25,29.21673099,0
23.42686674,187,2.084213641,1
15.43916691,132,11.65180843,1
16.48579596,138,10.55448721,1
13.36356264,115,14.37105639,1
22.08040664,177,3.605489037,1
6.018948496,61,23.14479176,0
9.848584237,89,18.90392568,0
1.193259615,29,28.41757143,0
12.96104007,112,15.12716561,1
24.10050827,193,1.069284617,1
12.70932093,111,15.31482308,0
23.24161458,186,2.312667609,1
9.004114902,82,19.93432651,0
11.92286037,105,16.21253376,0
7.88095564,73,21.35119518,0
11.01244995,98,17.44945383,0
22.29622684,179,3.357293984,1
7.159235701,68,22.07755682,0
10.72544063,95,17.86609447,0
14.00657664,121,13.47907979,1
8.548734907,78,20.48279912,0
5.484651721,57,23.87901343,0
0.416470477,23,29.4659341,0
7.111073476,68,22.15331169,0
23.73046749,189,1.709921195,1
4.032248532,47,25.48065398,0
22.62908804,181,3.040757973,1
12.5160148,109,15.56622595,0
11.07055732,98,17.42007917,0
22.56948852,181,3.106848224,1
18.57879245,153,7.692648704,1
4.77057305,52,24.64719688,0
8.802336848,80,20.19460327,0
20.62410258,167,5.283557631,1
17.29062246,143,9.619697748,1
23.72821255,189,1.714732737,1
5.808723352,59,23.43461417,0
4.144043926,48,25.34923513,0
13.86704868,120,13.61306504,1
14.03648095,121,13.41307197,1
22.49906207,180,3.209484189,1
18.64172654,153,7.601242789,1
1.456410566,30,28.23770146,0
19.4159564,158,6.577595776,1
21.48128819,173,4.462402558,1
13.83340256,119,13.67969544,1
15.63770302,133,11.44341669,1
14.22593973,123,13.07601234,1
24.6096049,196,0.523407445,1
11.83590054,104,16.37221288,0
19.90333308,161,6.155890329,1
18.67929718,153,7.560056027,1
9.113056892,83,19.77801224,0
22.76244362,183,2.856402379,1
8.12712806,74,21.13919637,0
3.858801835,46,25.76268628,0
2.525756286,37,27.03415348,0
3.194726663,42,26.33346039,0
2.569083771,38,26.95324226,0
16.95224042,141,10.01952601,1
20.32596681,164,5.721752371,1
22.22385714,178,3.408377153,1
21.66218881,174,4.252450841,1
14.0575491,121,13.26133318,1
9.858331724,89,18.88261496,0
3.076064568,41,26.50595734,0
10.3975038,93,18.20893247,0
18.91905231,154,7.33107651,1
16.45901093,138,10.56406674,1
15.23303709,130,11.89330187,1
5.183034633,55,24.16712668,0
10.90723442,97,17.55424876,0
11.57840361,102,16.72110613,0
10.22223128,92,18.36068305,0
3.472224721,43,26.10932822,0
7.141507278,68,22.11344635,0
18.76690915,154,7.446945259,1
9.502980865,86,19.42379742,0
0.214163781,22,29.67431412,0
2.845616187,40,26.72252026,0
14.19089866,123,13.10960708,1
4.836427959,53,24.57831539,0
18.75878327,154,7.449596584,1
0.135381562,21,29.77763051,0
15.95924347,135,10.9558547,1
14.73330244,127,12.46264392,1
17.66275393,145,9.015272364,1
9.787608532,89,18.95403824,0
0.355462139,23,29.52174383,0
22.10649712,177,3.543581846,1
13.90350941,120,13.56616168,1
19.32542868,157,6.73070611,1
0.074654802,20,29.89455363,0
15.74219263,133,11.20942253,1
16.42352963,138,10.5743593,1
6.293528751,63,22.84571391,0
13.76554791,119,13.76903439,1
17.34294797,143,9.541224299,1
9.438164039,86,19.45413741,0
22.44459746,180,3.291166986,1
14.45131534,125,12.83545291,1
19.30480811,156,6.83748242,1
8.331006164,76,20.79773577,0
12.19934384,107,15.90401093,0
14.41832842,124,12.90317526,1
8.925289004,81,19.9959209,0
8.610755813,78,20.44127433,0
11.81264563,104,16.38023855,0
15.36576833,131,11.76756495,1
5.754918484,58,23.52594584,0
20.21349635,164,5.927571783,1
9.390706112,85,19.49515405,0
24.82436019,198,0.229753834,1
24.56922203,195,0.58717626,1
5.58141172,58,23.71721986,0
18.7369411,154,7.475564625,1
17.36184481,144,9.464769414,1
20.01554054,162,6.089740044,1
2.833592305,40,26.74973873,0
19.56316559,160,6.366177703,1
21.10721089,170,4.974426308,1
21.9825033,176,3.682714093,1
7.393776514,70,21.74154634,0
1.416477252,30,28.2987719,0
21.92558636,176,3.758723354,1
10.48714647,94,18.1046576,0
11.01757972,98,17.44891106,0
8.178773784,74,21.09573792,0
23.54906244,187,1.982322616,1
5.555831635,58,23.75558603,0
5.064312774,55,24.32987222,0
7.694500014,71,21.48941556,0
22.98862548,184,2.652264703,1
22.94517898,184,2.719643669,1
4.91806425,54,24.47395328,0
24.67199924,197,0.426757263,1
3.052246432,41,26.52735001,0
7.21323215,69,22.04884194,0
20.18714892,163,5.944786475,1
2.741845241,39,26.84918551,0
14.65224409,126,12.54335116,1
24.07094643,192,1.098250049,1
2.694433152,39,26.85939974,0
15.0229446,129,12.08565136,1
24.67227239,197,0.418988289,1
21.6930727,174,4.209225685,1
8.994682804,81,19.94893942,0
13.01755657,113,15.01746722,1
18.05136511,149,8.450773338,1
22.70015593,182,2.96428353,1
16.21852825,137,10.734909,1
21.30890475,172,4.698639744,1
16.72174993,140,10.39918337,1
5.326027003,56,24.10262055,0
20.30518024,164,5.832546097,1
8.690851863,79,20.37610934,0
7.445966617,71,21.63836265,0
12.54486924,109,15.53955541,0
22.22684898,178,3.406843096,1
3.35160729,42,26.22624785,0
14.47026251,125,12.81256258,1
10.78527493,96,17.72043523,0
7.852619146,72,21.37595931,0
24.72681894,197,0.39865764,1
7.944363651,73,21.25068379,0
1.574149413,31,28.11521065,0
24.58323874,195,0.57436853,1
5.863975741,60,23.30345883,0
9.991789231,90,18.63484262,0
19.95790324,161,6.127764345,1
10.92714216,97,17.50681266,0
17.3941626,144,9.401985909,1
7.280125987,69,21.97209991,0
1.742115125,32,27.88551893,0
9.065758472,83,19.85007248,0
11.469656,101,16.88455195,0
11.89000531,104,16.22977957,0
10.75528169,96,17.7740629,0
19.30301772,156,6.857765431,1
14.52682695,125,12.68808737,1
0.822502419,27,28.89656489,0
12.72932181,111,15.29937713,1
0.148880301,21,29.74618215,0
14.44102872,124,12.85438368,1
15.65784974,133,11.38984613,1
21.05733663,170,5.00682757,1
14.05401394,121,13.30579552,1
5.051416711,54,24.37372607,0
15.41676915,132,11.68324824,1
23.79504093,189,1.65592889,1
22.04433147,177,3.640126585,1
20.26851165,164,5.894485906,1
1.639360082,32,28.01165772,0
13.30073105,115,14.48603875,1
8.715555302,79,20.3435822,0
11.33167912,100,17.11481754,0
4.409774856,50,25.04387084,0
0.514994846,24,29.3489975,0
13.35212411,115,14.42658844,1
18.98643813,155,7.218401587,1
7.897225583,73,21.34067496,0
16.36313581,137,10.65374984,1
0.839624323,27,28.84230441,0
0.503421826,24,29.35798405,0
18.53224228,152,7.7868053,1
17.52334625,145,9.192030145,1
4.894734094,53,24.48397127,0
19.01497315,155,7.171027204,1
19.6485287,160,6.296902351,1
22.80430091,183,2.807912057,1
23.64739703,188,1.796592817,1
13.43695758,116,14.2734276,1
6.705445623,65,22.55449506,0
3.013241072,41,26.5643617,0
3.66803964,44,25.93988259,0
14.4477635,125,12.83624485,1
9.831944008,89,18.91506013,0
18.71566721,153,7.523207527,1
0.984832332,28,28.56367915,0
13.92664098,120,13.52329622,1
20.34156255,165,5.71872635,1
10.26702884,92,18.30897715,0
18.32289681,151,8.063060185,1
8.302008824,75,20.82785506,0
23.73021351,189,1.713907257,1
0.054939751,20,29.91744469,0
11.51774548,102,16.80792258,0
23.90384744,191,1.378456198,1
18.95546646,155,7.263931114,1
6.710208726,65,22.5366723,0
16.25271259,137,10.71460641,1
11.71901179,103,16.52974925,0
15.90121993,135,10.98258239,1
8.127888308,74,21.12490275,0
3.881045438,46,25.72068766,0
9.552100862,87,19.38303443,0
6.383638982,64,22.74524581,0
15.95460689,135,10.95765453,1
23.8177135,190,1.57232906,1
5.887267366,60,23.28342978,0
3.487055349,43,26.09088401,0
7.1201578,68,22.12389172,0
2.038091223,34,27.68761893,0
8.066432392,74,21.17730882,0
13.11719122,114,14.7882443,1
12.42023426,108,15.7590206,0
4.405270001,50,25.04708462,0
1.598943238,31,28.08714275,0
8.282802912,75,20.88143885,0
15.61463142,133,11.50020227,1
7.220853686,69,22.04431666,0
7.78541825,72,21.42429924,0
17.39766666,144,9.364219778,1
18.38574267,151,7.940881538,1
24.06710351,192,1.114631216,1
22.84793121,183,2.763660973,1
7.446765624,71,21.63272208,0
15.70026118,133,11.26828179,1
4.518903931,51,24.92938932,0
0.076407524,20,29.86294025,0
7.923101762,73,21.30626787,0
8.731567378,79,20.32071359,0
17.07593783,142,9.933898102,1
2.265393882,35,27.3433577,0
22.29196974,179,3.363288877,1
16.32383792,137,10.67090526,1
20.4533868,166,5.555664234,1
16.24525711,137,10.73200055,1
17.60929276,145,9.091235513,1
19.25092794,156,6.920129637,1
5.305536611,56,24.11408345,0
1.318889832,30,28.37508759,0
14.04051962,121,13.37457678,1
2.193617941,34,27.50539586,0
2.195281144,34,27.48049849,0
14.69606188,127,12.52579647,1
11.17831397,99,17.29573398,0
8.647773465,79,20.41449921,0
14.38535511,124,12.92823029,1
23.88282439,191,1.428052139,1
14.7301759,127,12.48575623,1
9.65153503,87,19.26096912,0
6.541398951,64,22.65819568,0
22.58869833,181,3.10316529,1
9.991021829,90,18.64000129,0
4.644562242,52,24.79867092,0
5.512448335,57,23.81988124,0
16.02462884,136,10.86454484,1
12.66297024,110,15.38659673,0
24.19239789,193,0.999487407,1
17.60164989,145,9.094956798,1
7.873555862,73,21.3624146,0
2.329721925,35,27.26296135,0
0.046046316,20,29.95003921,0
9.459482817,86,19.43637935,0
4.573423255,51,24.89575818,0
20.71338031,168,5.181151731,1
14.36720037,124,12.94078706,1
24.04961845,192,1.130263712,1
14.09152072,122,13.24534715,1
12.07640091,106,15.97259531,0
9.345232267,85,19.53279997,0
15.62271951,133,11.47162862,1
2.118256835,34,27.56199749,0
17.78498732,146,8.883932895,1
11.62469957,102,16.69670162,0
5.502209178,57,23.83881711,0
4.879798733,53,24.50809335,0
20.35030679,165,5.706319507,1
14.0041471,120,13.48437431,1
10.75677074,96,17.74987847,0
3.316387862,42,26.24875267,0
8.544502339,78,20.53418658,0
8.394434184,76,20.66325848,0
13.38601874,116,14.33693725,1
20.32271468,164,5.752093124,1
7.632713028,71,21.53580268,0
17.42571328,144,9.307826081,1
2.330206492,35,27.26279337,0
11.61804783,102,16.69992361,0
0.400610774,23,29.48108678,0
4.265365655,49,25.1897923,0
22.12258288,177,3.525709909,1
12.28568998,107,15.79996127,0
15.91573566,135,10.97983226,1
12.01167907,105,16.10907301,0
22.76094618,183,2.862395234,1
4.977344609,54,24.44408866,0
13.18697948,114,14.69643308,1
7.36178209,70,21.87106264,0
0.975826316,28,28.60828692,0
20.70994214,168,5.200938098,1
13.44157791,116,14.24738453,1
24.74585268,198,0.33875903,1
8.65063471,79,20.41092175,0
2.171379138,34,27.52837497,0
16.83486246,140,10.16723742,1
3.849702966,46,25.78194904,0
8.262634457,75,20.89654128,0
19.00790459,155,7.193637357,1
20.06218624,162,6.068079736,1
20.54707489,166,5.391386326,1
8.263154796,75,20.89597374,0
4.965212822,54,24.47083303,0
17.86685493,147,8.6997867,1
24.85004243,198,0.219866367,1
3.352106065,42,26.21352931,0
6.657787361,65,22.57371421,0
3.662834479,44,25.95784609,0
13.55007463,117,14.0015533,1
11.84130964,104,16.34527431,0
20.99845858,169,5.050354122,1
0.860688413,27,28.825711,0
24.64337877,196,0.49656977,1
18.92021994,154,7.326125944,1
4.960118281,54,24.47371015,0
2.790984063,39,26.81449045,0
5.997563528,61,23.15951991,0
22.60802148,181,3.078867543,1
11.709837,103,16.54801466,0
18.47795926,152,7.815973174,1
24.60604361,196,0.524910908,1
11.43460406,100,16.95943128,0
16.07519868,136,10.80319672,1
21.65468014,174,4.269383425,1
11.07738156,98,17.40036728,0
7.399383435,70,21.73048356,0
21.60970267,174,4.338237707,1
5.031290469,54,24.38194503,0
7.473156111,71,21.59752766,0
3.638305666,44,25.97996831,0
11.51697924,101,16.82768174,0
6.181679218,62,22.99020767,0
21.29206995,171,4.732367224,1
13.29390844,115,14.50354882,1
12.67140094,110,15.37142083,0
19.20379368,156,6.93420889,1
22.78912208,183,2.836808557,1
9.796910106,89,18.94152188,0
6.276869944,63,22.87090479,0
3.430643457,43,26.14423094,0
1.40943747,30,28.30619768,0
12.24292145,107,15.8492016,0
14.38920846,124,12.91664473,1
9.952079579,89,18.71287848,0
20.84873205,168,5.144292729,1
10.78496676,96,17.72986016,0
10.04193052,90,18.58052199,0
11.58131619,102,16.70709437,0
24.64430634,197,0.492716388,1
19.86513096,161,6.180758461,1
24.61924179,196,0.501107581,1
10.11519282,91,18.46029627,0
0.487471654,24,29.37407795,0
15.62734056,133,11.46022179,1
9.757983966,88,19.00492523,0
10.28349959,93,18.27438197,0
8.143259705,74,21.1154442,0
2.857568292,40,26.71161214,0
13.46112856,116,14.15778243,1
14.04029259,121,13.3787236,1
18.54382232,152,7.73913428,1
10.93695144,97,17.49020391,0
14.52586533,125,12.73316211,1
17.9001714,148,8.616447309,1
0.135639583,21,29.77026791,0
14.42309056,124,12.90056797,1
1.671133955,32,27.9636956,0
0.068410963,20,29.9107318,0
15.31096744,131,11.83095007,1
14.03221025,121,13.44423236,1
16.71672419,139,10.42264472,1
13.09937247,114,14.79563757,1
5.818039419,59,23.42411254,0
7.414707652,70,21.66441123,0
13.36521896,115,14.34805956,1
5.581960299,58,23.70716241,0
7.25454737,69,22.01257248,0
5.630583897,58,23.69227383,0
21.73798376,175,4.133652564,1
19.47904259,159,6.46485114,1
9.122515011,84,19.74239108,0
14.56339211,126,12.64213298,1
1.657382483,32,27.98076156,0
23.32643842,186,2.23308652,1
14.53123448,125,12.67145099,1
1.007723775,28,28.54200391,0
7.46499813,71,21.62930026,0
11.3625423,100,17.05235356,0
12.13480187,106,15.94295496,0
12.45175326,108,15.6675719,0
11.91832171,104,16.21350185,0
24.44110005,194,0.718524472,1
6.080303118,61,23.12556101,0
9.864850193,89,18.86308288,0
5.903239326,60,23.26670926,0
14.82799026,128,12.31114263,1
18.28209576,151,8.063308661,1
23.82122952,190,1.534972526,1
17.05250919,141,9.943351101,1
11.05942947,98,17.43171347,0
20.10608856,162,5.99481231,1
6.132468187,62,23.09344653,0
15.55934272,132,11.55067706,1
14.30837125,124,13.00670952,1
22.52802029,181,3.11712366,1
4.432095552,50,25.01447713,0
0.969278896,28,28.62331889,0
19.49559952,159,6.451937379,1
17.93518165,148,8.548992395,1
19.01563639,155,7.170072254,1
5.721391268,58,23.58838316,0
8.307534225,75,20.82703881,0
14.78971799,127,12.35396058,1
24.28980189,193,0.955490207,1
3.038979196,41,26.53890568,0
9.235587424,84,19.61131357,0
5.423872233,57,23.96933755,0
3.407615614,43,26.16568175,0
4.323550401,49,25.17242665,0
2.562774192,37,27.00865733,0
11.54654966,102,16.7378866,0
17.81666037,147,8.841782924,1
19.70119175,160,6.296102876,1
10.80275685,96,17.66617269,0
13.11607825,114,14.78886281,1
6.795482781,66,22.42871096,0
11.23597178,99,17.24871586,0
9.132402729,84,19.7323655,0
19.42476752,158,6.547654827,1
17.59666623,145,9.100038321,1
22.04792885,177,3.625623536,1
12.52739036,109,15.54752379,0
5.126591808,55,24.23688736,0
8.229117555,75,20.99469948,0
18.40944612,151,7.919269679,1
11.83636906,104,16.36296404,0
21.6720933,174,4.248144242,1
3.768791463,45,25.86739101,0
6.15826525,62,23.05745754,0
15.16974362,130,11.95797799,1
17.27610399,143,9.645698334,1
4.580390847,51,24.88206139,0
11.74991241,103,16.46134345,0
15.12266689,130,12.01344559,1
19.18916102,156,6.979721016,1
21.42285245,172,4.499103397,1
11.85309019,104,16.34371074,0
19.3894079,157,6.612865183,1
4.259349144,49,25.21161144,0
3.615505299,44,25.98872098,0
12.78795372,111,15.25077871,1
13.65032229,118,13.8634004,1
14.12423896,122,13.18138366,1
15.7390131,133,11.23644652,1
0.055757722,20,29.91154639,0
11.36638549,100,17.044705,0
2.49156131,37,27.0743403,0
8.472183402,77,20.61340284,0
14.32070275,124,12.99970655,1
1.636251071,32,28.03019093,0
23.2545142,186,2.286153174,1
11.88095175,104,16.24857656,0
14.2372967,123,13.05058133,1
18.94753743,155,7.277674687,1
14.92401727,129,12.22451922,1
11.5552433,102,16.73148855,0
0.613309256,25,29.28860759,0
9.964404362,90,18.67536052,0
13.30178289,115,14.46529354,1
11.17657786,98,17.31025019,0
12.14847488,106,15.92481327,0
2.756444699,39,26.82502251,0
9.331103654,85,19.55349818,0
16.89281511,141,10.09489769,1
24.67568772,197,0.412411065,1
10.78346436,96,17.7338122,0
17.84853546,147,8.747428847,1
0.783017254,26,28.99228741,0
0.153137066,21,29.73662435,0
11.949134,105,16.17229667,0
15.43746905,132,11.68249955,1
8.359516591,76,20.70011973,0
8.387679924,76,20.69115101,0
0.816598019,27,28.91673786,0
4.105615886,48,25.39108245,0
20.12388716,163,5.976896158,1
7.142374893,68,22.09838401,0
22.14649673,178,3.481533057,1
5.405579133,57,24.00654056,0
17.80759208,146,8.850136324,1
7.072919523,68,22.20591097,0
10.90626096,97,17.5589824,0
16.76912686,140,10.29016865,1
17.14371885,142,9.798240265,1
16.60627937,139,10.45482316,1
1.70599757,32,27.96045682,0
1.859065234,33,27.78208563,0
2.211150572,34,27.45654384,0
5.01104097,54,24.39297296,0
24.42412546,194,0.734210188,1
3.860203925,46,25.74878513,0
8.276034574,75,20.89589446,0
12.029694,106,16.04848258,0
5.488095514,57,23.84130334,0
10.22992876,92,18.35714198,0
15.35006405,131,11.79156185,1
3.836157672,46,25.78393095,0
12.03958485,106,16.04018926,0
0.782040534,26,29.0204537,0
2.791961419,40,26.79435901,0
13.81414174,119,13.70277264,1
1.083882279,28,28.48722808,0
15.87863565,135,11.00879057,1
6.17751859,62,23.01669516,0
0.891846576,27,28.77177504,0
15.88428519,135,10.9855903,1
11.51576839,101,16.83101822,0
13.5529821,117,13.98607135,1
15.31551774,131,11.80580183,1
2.83821585,40,26.74145396,0
13.39170861,116,14.32974496,1
7.709513565,72,21.48667696,0
4.425786889,50,25.03520151,0
16.77688969,140,10.28428225,1
13.19874219,114,14.67212176,1
10.53460339,95,18.04909245,0
4.402613348,50,25.05079968,0
23.87656642,191,1.434548421,1
23.31002713,186,2.25188352,1
20.07322667,162,6.006734562,1
18.01902429,149,8.450826593,1
15.39205123,132,11.68922716,1
17.59141178,145,9.10004381,1
1.968862527,34,27.7071399,0
15.66762416,133,11.36765699,1
21.87735483,176,3.968405295,1
24.61132447,196,0.514683962,1
9.117402306,83,19.75910154,0
11.37486376,100,17.02348287,0
17.39092202,144,9.402059674,1
10.34836178,93,18.24946506,0
13.41682433,116,14.30915007,1
21.26774885,171,4.7487147,1
20.54083742,166,5.403395352,1
11.86113299,104,16.32915148,0
17.72135489,146,8.981706773,1
2.757909687,39,26.82417939,0
23.41793721,187,2.095049044,1
0.039462583,20,29.96146546,0
9.199024392,84,19.66804582,0
15.27725518,131,11.84572964,1
9.906625531,89,18.7603438,0
17.15980994,142,9.7695321,1
10.01424444,90,18.58746253,0
20.80427929,168,5.149320776,1
21.81131777,175,4.083485327,1
1.642291761,32,28.00617909,0
21.19939096,171,4.863561396,1
10.0243464,90,18.58308104,0
1.223480326,29,28.3993121,0
5.652980858,58,23.65170211,0
11.14733229,98,17.32267826,0
0.582899665,25,29.30439156,0
19.78033166,160,6.267401606,1
19.17358669,156,7.025352693,1
14.039038,121,13.40487943,1
12.08135042,106,15.96443073,0
3.50968563,43,26.072878,0
22.11669465,177,3.540441946,1
21.84586443,175,4.043862207,1
13.50274149,116,14.11341288,1
6.933542555,67,22.32883795,0
10.88685687,96,17.61436201,0
15.52453997,132,11.57936013,1
10.09652987,91,18.54083273,0
20.74255921,168,5.155360268,1
7.11677463,68,22.13163749,0
13.08060249,113,14.84366398,1
2.63562906,38,26.89075626,0
24.87168658,198,0.159108069,1
7.747150293,72,21.45421754,0
3.759145644,45,25.88593301,0
3.897260795,46,25.68222007,0
18.87479362,154,7.354391886,1
19.52335411,159,6.444028096,1
16.48670971,138,10.55346137,1
2.501626039,37,27.06139264,0
3.010257287,41,26.57366069,0
7.940441741,73,21.27120983,0
21.97182203,176,3.695820208,1
21.22224944,171,4.807443234,1
0.117474824,20,29.82151732,0
9.278551902,84,19.59962488,0
22.71101811,182,2.964047004,1
17.24041566,143,9.679886697,1
17.23492949,143,9.68185468,1
15.79840009,134,11.1017803,1
8.220759775,74,21.00905536,0
0.790164873,26,28.96311913,0
16.80860985,140,10.17116355,1
16.72161938,139,10.41424397,1
8.019286502,73,21.20604095,0
0.635296097,25,29.22919079,0
5.73383343,58,23.58388123,0
23.71537596,189,1.7162343,1
21.88706218,176,3.885521814,1
9.223644406,84,19.64921951,0
10.39053785,93,18.22800525,0
2.062640478,34,27.66980484,0
2.311381338,35,27.27183367,0
6.338930056,63,22.80896466,0
3.861233256,46,25.73602534,0
13.986638,120,13.4915335,1
10.4570456,94,18.12474215,0
4.259374439,49,25.20609667,0
23.14318986,185,2.414432095,1
21.59478417,173,4.3432975,1
23.66336586,188,1.770518051,1
21.00782833,169,5.039913369,1
15.73621893,133,11.24294504,1
23.98553848,191,1.27018525,1
24.18875888,193,1.004395456,1
2.120408757,34,27.56192694,0
12.05219047,106,16.00643386,0
16.3818075,138,10.6337321,1
3.097211693,41,26.46996792,0
13.63006771,118,13.95298179,1
18.98793553,155,7.205025412,1
16.48420999,138,10.5605568,1
24.75428749,198,0.330881071,1
11.32837245,100,17.14656463,0
10.95109742,98,17.48698005,0
4.127221723,48,25.38086841,0
18.97143807,155,7.252025926,1
23.99105109,191,1.26607552,1
2.15842353,34,27.53399545,0
13.1726011,114,14.7049771,1
22.64525104,182,3.026624329,1
9.107675108,83,19.7910017,0
18.88382978,154,7.343988628,1
12.35201274,107,15.78238034,0
13.56032506,117,13.98177332,1
6.174004118,62,23.0303569,0
22.01271076,177,3.666507628,1
24.79199871,198,0.259107906,1
6.455427286,64,22.69139341,0
14.48056728,125,12.8030819,1
12.05107248,106,16.0137156,0
9.295226467,85,19.57001225,0
3.501467018,43,26.08628348,0
17.49854578,144,9.243055709,1
10.75308934,96,17.84470338,0
4.083535279,48,25.42226532,0
8.725448574,79,20.33394711,0
1.666393445,32,27.97175559,0
7.305546017,69,21.92691822,0
17.74173007,146,8.948172328,1
23.82810789,190,1.530428786,1
0.986202997,28,28.55901065,0
13.06955088,113,14.86338401,1
20.9234653,169,5.108939979,1
0.808850705,26,28.95229462,0
7.131305652,68,22.11712025,0
21.22350427,171,4.805186911,1
8.148602433,74,21.10740659,0
13.08543146,113,14.82812325,1
11.8491685,104,16.34483601,0
5.116106294,55,24.28183434,0
5.77076333,59,23.49392007,0
5.413644133,57,23.99271514,0
19.79506976,160,6.245863148,1
23.04841602,185,2.479048099,1
19.37801107,157,6.627752811,1
1.204232197,29,28.40962093,0
20.02057991,162,6.085846176,1
21.36365166,172,4.612579955,1
8.937628839,81,19.98028822,0
10.50548182,94,18.09778432,0
4.398871745,50,25.05665879,0
0.922213254,27,28.67345521,0
0.915755079,27,28.70436471,0
1.579530257,31,28.10955377,0
21.42033392,172,4.505830883,1
1.130558842,28,28.48172317,0
24.65861546,197,0.437159197,1
5.143739235,55,24.23344049,0
2.631448009,38,26.89875526,0
9.022586716,82,19.9113416,0
14.25938817,123,13.04208363,1
3.341955729,42,26.23079498,0
2.478248253,37,27.09053587,0
8.221246403,75,21.00153019,0
17.88520078,148,8.631076171,1
22.29575974,179,3.359932269,1
20.89871295,169,5.114287995,1
22.16929805,178,3.458821759,1
15.01090254,129,12.12082905,1
12.86925591,111,15.19671899,1
23.04505278,185,2.495165416,1
9.064526363,83,19.86062321,0
20.21816471,164,5.920579061,1
20.19295039,163,5.931713123,1
10.417762,94,18.1513009,0
7.776683014,72,21.44416433,0
17.39078845,144,9.421064414,1
23.68563294,188,1.767461861,1
10.7995916,96,17.67304587,0
12.68371189,110,15.32360561,0
24.74160589,197,0.378756021,1
22.32533004,179,3.338856215,1
10.51091327,94,18.07625525,0
16.07983026,136,10.80107679,1
21.8684905,176,3.998744252,1
23.04231575,185,2.49971797,1
5.049921802,54,24.37857464,0
21.08214058,170,4.999139997,1
23.37122471,186,2.138474756,1
18.32297156,151,8.036854063,1
6.203112074,62,22.94801711,0
18.49069006,152,7.813821306,1
14.64281872,126,12.54913426,1
13.4370995,116,14.25489433,1
21.09462535,170,4.98370341,1
14.05736192,121,13.29768741,1
13.29749581,115,14.50128382,1
8.474004109,77,20.60270416,0
18.70729262,153,7.53214756,1
11.7777003,103,16.42905373,0
23.46770574,187,2.034209045,1
8.462598529,76,20.61709376,0
19.62483205,160,6.314322305,1
2.644198629,38,26.88814539,0
9.926766779,89,18.73665918,0
22.30146674,179,3.339778743,1
20.56300419,166,5.357063599,1
23.28759576,186,2.271409879,1
14.52623744,125,12.69692248,1
2.302822947,35,27.2971666,0
10.91352585,97,17.54296152,0
11.84117628,104,16.35640174,0
16.73064612,140,10.39420244,1
2.917857964,40,26.68338912,0
13.11766882,114,14.78673015,1
13.36961004,116,14.34088337,1
19.63512442,160,6.298895618,1
15.61488919,133,11.49550215,1
9.56287743,87,19.37638834,0
9.762890714,88,18.9870105,0
10.36669041,93,18.24740638,0
11.0092866,98,17.45161551,0
14.58076601,126,12.61387735,1
23.03498286,185,2.533110354,1
10.69595597,95,17.89846277,0
7.852090955,72,21.3775671,0
22.6187736,181,3.042648658,1
7.841897306,72,21.39174508,0
5.207436457,56,24.13708069,0
8.280361646,75,20.88469679,0
0.91184398,27,28.72984426,0
2.633378444,38,26.89694815,0
10.94810377,97,17.48703126,0
10.0811938,91,18.55211182,0
7.713883793,72,21.46709824,0
23.4655479,187,2.037512438,1
0.47365833,24,29.40151851,0
19.0636508,155,7.144912789,1
22.37375208,180,3.314163854,1
21.21493699,171,4.828914898,1
16.51549996,138,10.51874874,1
13.74496179,119,13.80635783,1
12.5205853,109,15.55395298,0
3.355599481,42,26.20091271,0
20.35161814,165,5.700141462,1
24.45346613,195,0.707147582,1
20.30548343,164,5.826986418,1
4.644424288,51,24.81262492,0
23.62134436,188,1.849402829,1
7.889410052,73,21.34892038,0
1.173949579,29,28.44499874,0
6.942686626,67,22.31213478,0
20.5651735,166,5.345209,1
3.72421859,45,25.88714776,0
14.97165022,129,12.19370716,1
24.05641589,192,1.124474913,1
21.31644357,172,4.673138971,1
5.649260949,58,23.65825896,0
5.179593732,55,24.18920841,0
6.582276126,64,22.58422542,0
22.14296581,178,3.488540594,1
13.65407217,118,13.84873511,1
10.97276773,98,17.4681319,0
18.92622978,154,7.280105195,1
18.81573036,154,7.366793015,1
13.0305827,113,14.99983472,1
24.07118567,192,1.093491502,1
3.975062335,47,25.61720959,0
22.21569967,178,3.411651452,1
4.023529928,47,25.49917234,0
10.39770436,93,18.17910292,0
3.175429472,42,26.38172633,0
10.10095344,91,18.52509979,0
13.15918299,114,14.73855095,1
11.64483558,103,16.60505654,0
1.820674949,33,27.8386403,0
8.323157581,76,20.81922768,0
5.627754382,58,23.69328598,0
0.406391273,23,29.47014691,0
18.44306723,152,7.847813011,1
17.30128025,143,9.602640207,1
13.43420117,116,14.30295656,1
1.92752208,33,27.71792335,0
3.053387455,41,26.52145788,0
0.094323001,20,29.85081832,0
1.629168072,32,28.03717676,0
20.50950504,166,5.410856622,1
8.480081704,77,20.58347602,0
15.97438688,135,10.88008681,1
16.65922579,139,10.43494393,1
15.94625021,135,10.97326636,1
14.74952015,127,12.4204596,1
3.296925001,42,26.2714465,0
0.342097736,22,29.53955899,0
22.36223941,179,3.316939429,1
14.00518401,121,13.47913544,1
16.95246842,141,10.01143359,1
0.182792079,22,29.7197391,0
1.216762337,29,28.40151581,0
20.32234184,164,5.77419457,1
24.07855638,192,1.078861142,1
0.267045975,22,29.63690999,0
10.23326869,92,18.35594041,0
7.148717097,68,22.08803375,0
17.18982769,143,9.708270931,1
1.395615503,30,28.31601907,0
21.94036363,176,3.73679428,1
4.417489138,50,25.04364332,0
7.681805467,71,21.49386336,0
11.18445765,99,17.26864695,0
21.12607856,170,4.965555654,1
19.30562471,156,6.829553576,1
15.62227287,133,11.47632239,1
7.631137316,71,21.54117142,0
7.194660653,69,22.07378424,0
8.257873939,75,20.9221747,0
14.54167296,125,12.66857416,1
24.00344171,192,1.230226392,1
2.828705911,40,26.77394751,0
17.57570804,145,9.101874308,1
9.512067412,87,19.39242339,0
19.5332208,159,6.437541606,1
20.62553938,167,5.264223331,1
22.32721283,179,3.332329722,1
22.69606094,182,2.985590391,1
7.064801846,68,22.23676814,0
17.64242813,145,9.029631927,1
3.658993775,44,25.96664644,0
16.80689324,140,10.18545518,1
22.61490582,181,3.046286417,1
21.40255496,172,4.511781517,1
1.178084813,29,28.43332856,0
5.380783362,56,24.06964604,0
7.287299959,69,21.94912534,0
24.84529308,198,0.223837551,1
16.06543254,136,10.80394928,1
10.79487215,96,17.6829451,0
13.46023618,116,14.17856355,1
16.05694513,136,10.81566864,1
24.64971915,197,0.477213943,1
16.52753588,138,10.49359037,1
11.41225004,100,17.00103821,0
12.84053867,111,15.20266162,1
0.29039092,22,29.58623092,0
23.82601476,190,1.533009826,1
20.5191557,166,5.409877606,1
23.02620206,184,2.536872387,1
3.570544969,44,25.99692255,0
23.76927369,189,1.678100277,1
9.750334237,88,19.06906028,0
20.86055903,168,5.137773789,1
5.863265463,60,23.32472037,0
8.879311236,81,20.04433271,0
8.743813562,79,20.31300769,0
10.86493102,96,17.61838364,0
12.02703894,106,16.07096494,0
13.64616874,118,13.89618732,1
9.331108554,85,19.55061373,0
18.98401225,155,7.249782715,1
17.79301312,146,8.87004268,1
14.21788121,123,13.07945544,1
21.21374187,171,4.834345895,1
8.781096694,80,20.245129,0
22.01574539,177,3.660807614,1
0.68489808,26,29.1611182,0
2.082384708,34,27.59201699,0
14.58257073,126,12.59853867,1
21.17115014,170,4.960515793,1
13.1538127,114,14.75589604,1
23.65210953,188,1.77969796,1
4.861491823,53,24.54755259,0
21.9190171,176,3.827690263,1
23.54577078,187,1.986561354,1
14.72798929,127,12.50434678,1
23.64926682,188,1.783571198,1
7.384227925,70,21.8153717,0
8.821449915,80,20.10856158,0
19.45151202,158,6.527777293,1
14.62288332,126,12.56061349,1
12.22443004,107,15.86988421,0
1.62912127,32,28.04763174,0
10.95724543,98,17.47483125,0
17.8822229,147,8.666420486,1
15.81630242,134,11.05843999,1
0.252436036,22,29.64970486,0
22.09804896,177,3.548033048,1
6.836337286,66,22.38947976,0
8.802195656,80,20.20985196,0
21.67969049,174,4.246839223,1
14.87604825,128,12.28585551,1
17.46769182,144,9.274944431,1
18.17820347,150,8.193236175,1
16.42222894,138,10.5824113,1
16.40682038,138,10.61573623,1
23.80433382,190,1.65287768,1
9.831859336,89,18.91572794,0
14.37450694,124,12.93299685,1
22.07491748,177,3.613599818,1
19.53778944,159,6.427712253,1
5.843909779,59,23.39511091,0
1.547818849,31,28.15143595,0
3.001609844,41,26.58144886,0
6.049673034,61,23.1394115,0
20.97728647,169,5.06902021,1
5.167251709,55,24.20607789,0
5.06187778,55,24.3390287,0
0.749929237,26,29.12907123,0
6.177861079,62,23.01064962,0
24.4705393,195,0.693312235,1
18.55515882,152,7.727660473,1
24.40518817,194,0.844671105,1
17.94130222,148,8.523576915,1
24.09209363,193,1.073409042,1
8.80707224,80,20.18395176,0
17.82661301,147,8.77634596,1
10.5917086,95,17.98710708,0
5.402662777,57,24.0094335,0
18.63666255,153,7.652844003,1
3.42482489,43,26.1490364,0
6.136474669,62,23.08422177,0
8.438588262,76,20.63362775,0
14.46938289,125,12.81701605,1
3.659087423,44,25.96123088,0
8.590465063,78,20.45623272,0
6.727479939,66,22.49979294,0
17.74782135,146,8.92759833,1
13.36003808,115,14.37573953,1
17.87529562,147,8.672349074,1
12.47798361,108,15.62328802,0
19.50457058,159,6.451567709,1
3.210756031,42,26.32560129,0
19.95260386,161,6.144980241,1
1.844827751,33,27.79921059,0
11.63097754,102,16.69653378,0
5.831623602,59,23.4041455,0
13.20740833,115,14.63326505,1
5.413277464,57,24.00475282,0
13.82028619,119,13.69854611,1
13.62492184,118,13.96839094,1
5.400756329,57,24.02350538,0
3.329490983,42,26.23371179,0
19.192918,156,6.950335468,1
13.28844924,115,14.5071622,1
17.15528211,142,9.791825287,1
23.61691324,188,1.884454563,1
10.50920872,94,18.08815253,0
16.83770752,140,10.1639068,1
19.3231422,157,6.754070714,1
14.91539499,128,12.25157271,1
23.90461717,191,1.340957475,1
4.732057961,52,24.68915395,0
1.580677993,31,28.09812335,0
1.253349046,30,28.39270015,0
21.86613403,176,4.019339572,1
18.167751,150,8.208690255,1
8.518526787,77,20.53998048,0
22.70606308,182,2.964269094,1
24.66536895,197,0.429735916,1
24.49176116,195,0.685313305,1
8.68541515,79,20.40254041,0
17.70645326,146,8.987191413,1
19.03955222,155,7.152128992,1
14.05343079,121,13.30751807,1
23.60484904,188,1.92010396,1
22.24886291,178,3.385714493,1
2.35039572,35,27.25333177,0
0.53070014,24,29.33980434,0
0.225882695,22,29.66071954,0
20.62075158,167,5.300210432,1
1.249408254,29,28.39723619,0
24.40685765,194,0.799430482,1
1.710194027,32,27.94622582,0
14.06303397,122,13.25655686,1
11.27429372,99,17.22558548,0
18.41306132,151,7.900290906,1
20.13014992,163,5.974200158,1
12.0257577,106,16.07777033,0
1.973656888,34,27.70282211,0
13.19468709,114,14.68271725,1
9.388504249,85,19.50228907,0
5.395355286,57,24.03788271,0
7.50667594,71,21.59526623,0
20.01429142,161,6.109685311,1
9.954537932,90,18.69946113,0
0.691758128,26,29.15131092,0
22.0875432,177,3.58348747,1
10.88739275,97,17.61326427,0
22.38455312,180,3.309371939,1
1.327441935,30,28.36268669,0
17.52717337,145,9.191263031,1
23.88514647,191,1.42433066,1
6.232928722,62,22.92023706,0
9.137562005,84,19.72438475,0
17.95185468,149,8.52032656,1
5.702208192,58,23.60664579,0
4.002279457,47,25.5049506,0
0.77380896,26,29.12609234,0
11.26594732,99,17.24274873,0
12.04621896,106,16.0350157,0
17.88473759,147,8.640968072,1
22.52022795,181,3.139601957,1
15.78087194,134,11.13140045,1
17.89067256,148,8.622281698,1
8.253203798,75,20.92940822,0
21.36318155,172,4.634926471,1
23.74804881,189,1.707535193,1
17.12586283,142,9.827662471,1
17.99681365,149,8.470268135,1
24.11184786,193,1.061760362,1
12.87660219,111,15.1827418,1
6.994536159,67,22.29358864,0
6.814600567,66,22.41805497,0
10.37955293,93,18.2440512,0
15.0657758,130,12.04769071,1
5.784912252,59,23.47865441,0
12.66675953,110,15.37183919,0
23.19649918,186,2.36772778,1
14.54948928,125,12.65599459,1
20.85026054,168,5.142871586,1
13.27589024,115,14.51827772,1
5.55232281,57,23.77769625,0
18.12708687,150,8.358947143,1
3.377833615,43,26.19989283,0
9.141767274,84,19.69929938,0
8.62403296,78,20.42925695,0
1.951465304,33,27.7141617,0
22.96826799,184,2.67439437,1
21.4836603,173,4.455736854,1
21.38243469,172,4.525092956,1
10.51280474,94,18.06044204,0
2.596917025,38,26.94346469,0
0.141685963,21,29.76044454,0
16.97691209,141,9.993254642,1
11.31583871,99,17.17827408,0
13.85067353,119,13.64728452,1
11.27988548,99,17.22085641,0
11.92323789,105,16.2092214,0
10.59133597,95,18.00444883,0
14.10636393,122,13.21410909,1
12.50044813,109,15.59678754,0
24.77632536,198,0.30771026,1
15.25563975,131,11.87018184,1
7.613603531,71,21.54984979,0
14.11936345,122,13.20557257,1
11.68323629,103,16.58645039,0
2.26926902,35,27.33569899,0
10.73417499,95,17.84949701,0
4.430388872,50,25.01508603,0
8.353889789,76,20.7261227,0
7.32414653,70,21.91065576,0
18.71950343,153,7.508150237,1
0.190949926,22,29.69477635,0
9.702572225,88,19.13830025,0
11.32614719,100,17.15396479,0
2.065023459,34,27.62056713,0
24.53754049,195,0.615182621,1
13.83344329,119,13.67652813,1
21.29735334,171,4.719291754,1
13.22624702,115,14.6267355,1
19.63243123,160,6.299259318,1
13.72825988,119,13.80880453,1
5.813791972,59,23.42502621,0
3.861981446,46,25.73538295,0
23.06032477,185,2.47373425,1
8.50535552,77,20.55318981,0
1.612676778,31,28.07711246,0
8.803466321,80,20.19453792,0
7.681667532,71,21.51185519,0
23.03627609,185,2.525652321,1
7.827131519,72,21.41951208,0
9.995072067,90,18.6040577,0
4.361569658,50,25.08577087,0
4.054059355,47,25.46600552,0
2.866939415,40,26.70488516,0
11.87411128,104,16.25121887,0
3.117481693,41,26.45770807,0
2.25584204,35,27.36803137,0
7.571704708,71,21.5717441,0
24.60999217,196,0.515504606,1
13.40010802,116,14.31892442,1
9.574469697,87,19.37127812,0
1.338606208,30,28.3514675,0
1.489020195,31,28.17828904,0
21.18151069,170,4.933140461,1
6.528979094,64,22.66259995,0
14.71529908,127,12.514593,1
15.3274745,131,11.80569181,1
4.998702123,54,24.41244149,0
4.460880647,50,24.98397476,0
17.56087074,145,9.112250898,1
15.57492555,132,11.53986835,1
24.46846726,195,0.69504163,1
24.1306963,193,1.037909346,1
4.895570194,53,24.47986193,0
24.55201895,195,0.589595065,1
24.31981431,194,0.906528264,1
23.15529499,185,2.404969366,1
11.65786053,103,16.58691901,0
0.616571,25,29.28772711,0
18.20109135,150,8.159889541,1
12.66377809,110,15.37257075,0
2.347607561,35,27.25520738,0
18.34698627,151,7.972501739,1
20.32241,164,5.764905518,1
14.97216232,129,12.18291511,1
6.701513579,65,22.56474567,0
14.98950555,129,12.14611307,1
11.86748904,104,16.31017984,0
7.746709685,72,21.45676674,0
23.41633325,186,2.112959097,1
13.1569304,114,14.74541613,1
20.4645127,166,5.487661098,1
5.485221073,57,23.87378304,0
2.30961247,35,27.27949959,0
11.99521929,105,16.11901012,0
11.27785049,99,17.22418088,0
2.408109864,36,27.22642568,0
18.24268018,150,8.108417588,1
14.44391835,124,12.84836777,1
22.01942444,177,3.645610051,1
0.183624522,22,29.70803939,0
6.828152016,66,22.40484989,0
14.13925083,122,13.13780692,1
1.637614441,32,28.01352266,0
5.060796922,55,24.35348254,0
10.05092862,90,18.57143652,0
24.49886539,195,0.669821506,1
6.196207207,62,22.96347152,0
16.94901934,141,10.03982917,1
13.7021587,119,13.83024698,1
2.962292689,40,26.64802142,0
22.63888325,182,3.028759665,1
6.374140448,63,22.76720043,0
2.446809998,36,27.15010513,0
17.33105129,143,9.57182382,1
14.93691717,129,12.21659223,1
3.566433246,44,25.99782512,0
10.25553679,92,18.33171795,0
4.042437241,47,25.47915193,0
8.703932927,79,20.3480717,0
12.14894971,106,15.92020293,0
1.625910335,32,28.04921632,0
3.966914732,47,25.63725639,0
17.62917303,145,9.066681014,1
14.46078042,125,12.82569158,1
17.84608674,147,8.760017179,1
3.441667003,43,26.12804656,0
2.006696678,34,27.70132356,0
3.781915439,45,25.83660522,0
22.87351555,184,2.752987393,1
16.2811406,137,10.68848037,1
21.80243239,175,4.110084077,1
5.432353581,57,23.95540458,0
13.13591873,114,14.77712587,1
3.403099534,43,26.16932236,0
7.262325214,69,21.999615,0
5.797459055,59,23.44281646,0
19.44746569,158,6.541535247,1
13.76400133,119,13.77543485,1
24.41728762,194,0.740527279,1
4.492531254,50,24.95920478,0
19.37192797,157,6.63930569,1
20.08192183,162,6.001932431,1
17.22377,143,9.685644484,1
14.94518248,129,12.20227396,1
17.7993257,146,8.858575921,1
24.04224233,192,1.146092807,1
18.4971391,152,7.802206189,1
10.47645613,94,18.12233341,0
17.36065956,143,9.476398548,1
6.326604357,63,22.81517907,0
13.09347936,114,14.80182128,1
15.85802535,135,11.01401509,1
7.061689841,67,22.24550247,0
21.68693492,174,4.235622158,1
20.04591379,162,6.072694641,1
8.729337345,79,20.32639604,0
24.65802162,197,0.461037425,1
23.98023603,191,1.282263961,1
0.799323112,26,28.95772492,0
10.11179939,91,18.47030724,0
13.00504713,112,15.02459921,1
19.3262396,157,6.706533633,1
23.17136455,186,2.38253517,1
22.79623152,183,2.819797969,1
23.54047379,187,2.013385844,1
22.21174373,178,3.412743518,1
16.03244018,136,10.83081902,1
17.4692351,144,9.274106752,1
17.12779312,142,9.807072542,1
22.79635007,183,2.809734237,1
6.791707668,66,22.47152379,0
22.23474245,178,3.39464364,1
3.075900705,41,26.50929691,0
3.747678951,45,25.8860344,0
0.991767318,28,28.54522411,0
5.981659259,61,23.17871047,0
17.77864946,146,8.914358057,1
17.48982341,144,9.250880818,1
11.14310769,98,17.35897205,0
5.636042918,58,23.67694707,0
8.754988756,80,20.28112858,0
17.51915756,145,9.209421309,1
5.122082577,55,24.23988123,0
17.88295744,147,8.652837478,1
10.11787784,91,18.45213436,0
0.335740554,22,29.54231281,0
8.071223881,74,21.1640361,0
0.483849489,24,29.38334222,0
2.410455581,36,27.21520316,0
11.06622458,98,17.42162994,0
10.21239793,92,18.37754757,0
6.23633721,63,22.91161134,0
13.93681037,120,13.52084861,1
14.10332741,122,13.21673567,1
0.713901246,26,29.13488376,0
12.87941435,111,15.17972388,1
22.95170846,184,2.719167419,1
20.77057542,168,5.149591987,1
17.09649266,142,9.875055573,1
23.54317831,187,2.002956205,1
11.28941054,99,17.20216967,0
22.82797639,183,2.779481449,1
20.50352771,166,5.424793838,1
20.00889507,161,6.127578235,1
17.04893396,141,9.96350323,1
18.59320416,153,7.664271446,1
13.05549408,113,14.90999617,1
9.36244131,85,19.51650768,0
0.913755598,27,28.72673263,0
23.99648376,191,1.264036616,1
22.65031927,182,3.014183741,1
20.18387289,163,5.953132633,1
15.01911577,129,12.1094081,1
22.13456716,178,3.503986686,1
2.238011802,35,27.41092668,0
15.99567029,136,10.87992802,1
14.21189592,123,13.10477466,1
5.376521601,56,24.07087364,0
17.40058265,144,9.335813175,1
4.189127382,49,25.30170243,0
20.03305864,162,6.077456841,1
22.49005685,180,3.218964162,1
15.62059455,133,11.48445765,1
12.23577311,107,15.86446277,0
20.39007891,165,5.623851498,1
5.053377492,54,24.35379022,0
12.67870267,110,15.35063559,0
13.07266338,113,14.84985617,1
14.5224903,125,12.74418661,1
13.22445426,115,14.63082631,1
18.09256324,149,8.372226979,1
0.497338275,24,29.3664893,0
14.18353521,123,13.11594261,1
3.529282215,44,26.05138651,0
22.92080144,184,2.723484882,1
18.91019162,154,7.334868041,1
13.67283289,118,13.84203659,1
0.469653294,24,29.40241598,0
2.753573256,39,26.84053169,0
0.830903615,27,28.89093188,0
7.458457836,71,21.63049271,0
11.87208284,104,16.2564585,0
11.14653139,98,17.33675477,0
20.11603442,163,5.980360376,1
7.73725406,72,21.45836922,0
18.37704345,151,7.965595142,1
21.82309655,175,4.070813437,1
14.4528802,125,12.83037129,1
17.84127707,147,8.774063273,1
5.111575704,55,24.28429846,0
13.08655332,113,14.82550653,1
17.95823982,149,8.519974891,1
15.77797353,134,11.16188091,1
24.11302998,193,1.056087576,1
2.722430709,39,26.85046897,0
20.30800345,164,5.805509241,1
20.35745414,165,5.659098277,1
10.73336343,95,17.8521606,0
23.15802457,186,2.401943861,1
11.19629672,99,17.26044963,0
17.92153515,148,8.594347828,1
12.99662493,112,15.04142932,1
6.966843577,67,22.3080768,0
5.695158935,58,23.6310723,0
24.57251253,195,0.585841511,1
8.77817851,80,20.24928582,0
12.72146909,111,15.30132504,0
4.318889329,49,25.17753876,0
16.53711594,139,10.49222128,1
24.1440152,193,1.018190894,1
3.723982893,45,25.89112318,0
21.93153505,176,3.739198289,1
20.74613437,168,5.150646266,1
21.4985059,173,4.384264975,1
10.00261686,90,18.59717091,0
14.15358165,123,13.13536464,1
15.276722,131,11.86857578,1
20.40194259,165,5.607841828,1
10.82244181,96,17.66509207,0
24.68513604,197,0.400701947,1
8.428210166,76,20.64781926,0
2.171057266,34,27.52959352,0
11.86852939,104,16.27714092,0
7.551724264,71,21.58418704,0
8.329449328,76,20.81284806,0
22.57887716,181,3.103232553,1
21.07737444,170,5.003692115,1
3.132104622,41,26.43115174,0
24.54165328,195,0.608706574,1
3.064545214,41,26.51624336,0
2.276190949,35,27.31294055,0
14.82249841,128,12.33166066,1
20.50622139,166,5.417334594,1
23.06114401,185,2.451222953,1
7.421960348,70,21.66091655,0
6.147621451,62,23.08316566,0
8.112749684,74,21.15438857,0
11.43324288,100,16.96860484,0
0.780842961,26,29.02435862,0
17.96622729,149,8.510092043,1
11.51195528,101,16.8319612,0
11.46719282,101,16.908763,0
18.87001935,154,7.355230723,1
11.81983055,104,16.37846285,0
14.32453691,124,12.98839367,1
23.02302432,184,2.606330359,1
17.86526443,147,8.705611643,1
9.979855867,90,18.64243929,0
24.04259428,192,1.144303674,1
11.88967327,104,16.24333092,0
22.01404457,177,3.665141505,1
9.757539467,88,19.05360533,0
8.792001981,80,20.24508552,0
11.0863613,98,17.38611936,0
18.20328173,150,8.150421418,1
0.143608153,21,29.75581078,0
1.431984463,30,28.27399938,0
13.04772272,113,14.92969986,1
18.73552865,154,7.481098226,1
12.2034749,107,15.88251073,0
7.079141619,68,22.17430296,0
7.877945449,73,21.35270415,0
22.60298376,181,3.089859143,1
13.31157162,115,14.46186025,1
21.55360432,173,4.351744048,1
13.69091322,119,13.83120305,1
8.887701772,81,20.03504812,0
0.22378811,22,29.67232686,0
10.66149181,95,17.95365366,0
7.944026943,73,21.26305231,0
16.803539,140,10.20575634,1
17.9019061,148,8.609843049,1
13.9577199,120,13.51056647,1
21.89772479,176,3.87840561,1
14.74403965,127,12.45992995,1
11.69783627,103,16.58247546,0
0.444941644,24,29.44493897,0
21.57729999,173,4.350386926,1
15.95443591,135,10.95943537,1
2.043276999,34,27.67749986,0
9.096727346,83,19.84362004,0
20.88391978,169,5.130240317,1
2.212050882,35,27.45261319,0
23.3255087,186,2.237500953,1
10.45553278,94,18.13134605,0
0.249935476,22,29.65685649,0
11.30628794,99,17.19231212,0
9.020651986,82,19.92059328,0
3.703873818,45,25.91296805,0
1.837185814,33,27.80562525,0
9.361389683,85,19.52087458,0
11.65590469,103,16.59480178,0
9.054042656,83,19.89197043,0
3.539593985,44,26.02329314,0
22.81324044,183,2.79876117,1
17.85379042,147,8.713076797,1
13.79700924,119,13.76107587,1
24.86598418,198,0.185580294,1
10.64376351,95,17.95480859,0
13.9846509,120,13.49699972,1
6.20989046,62,22.94449288,0
17.65058327,145,9.015522569,1
6.083573463,61,23.12499563,0
3.889622562,46,25.71600074,0
19.93524488,161,6.147974605,1
8.484765142,77,20.569037,0
22.65434701,182,3.006715362,1
14.93998859,129,12.20446125,1
16.78538208,140,10.23807095,1
17.41976501,144,9.331759867,1
22.48991262,180,3.236568406,1
17.26750165,143,9.679841008,1
6.707359232,65,22.54529039,0
16.67818325,139,10.42681358,1
10.51261808,94,18.06654481,0
22.50222431,180,3.182140275,1
21.29787831,172,4.709708345,1
1.713579043,32,27.93145084,0
19.42044913,158,6.564553378,1
6.843097491,67,22.37938426,0
7.645691332,71,21.52452954,0
1.807054776,33,27.85115708,0
6.041359664,61,23.14423083,0
1.80577288,33,27.86028621,0
19.94897829,161,6.145036262,1
7.394185049,70,21.73915,0
20.87888484,169,5.132683702,1
18.46238866,152,7.827833635,1
17.1074309,142,9.835992787,1
15.49023569,132,11.58362486,1
4.475587852,50,24.97588263,0
12.49646092,108,15.61135117,0
15.75534065,134,11.18015555,1
5.438753518,57,23.93783206,0
14.02685286,121,13.47222655,1
2.678392321,39,26.87297955,0
22.4799141,180,3.269290171,1
23.27179024,186,2.271771609,1
14.85248995,128,12.30685069,1
18.56808098,152,7.712582954,1
12.43900127,108,15.72572288,0
19.47053205,158,6.504649743,1
5.850058169,60,23.39104988,0
23.90397919,191,1.377320355,1
18.10007158,149,8.362221091,1
3.708232155,45,25.89942028,0
9.378279448,85,19.51494927,0
21.89712617,176,3.882542369,1
7.2240848,69,22.03132175,0
20.55892622,166,5.370808601,1
15.72679988,133,11.24824644,1
5.325063531,56,24.10547809,0
0.945671067,28,28.65557293,0
8.905141799,81,20.01371893,0
11.75312902,103,16.43021926,0
21.82349861,175,4.068969893,1
9.708713602,88,19.12436583,0
18.1315317,150,8.319201167,1
3.945118767,47,25.64173333,0
15.68284659,133,11.32177948,1
8.507480226,77,20.55019315,0
0.744589885,26,29.13300245,0
22.75982181,182,2.904212509,1
10.16574998,92,18.39996772,0
9.62049349,87,19.31998384,0
20.69732563,168,5.221039244,1
0.430170765,23,29.45564887,0
2.568521983,37,26.97776358,0
2.050897948,34,27.67561137,0
0.385388391,23,29.48720965,0
6.165226224,62,23.0375785,0
10.08848543,91,18.54691099,0
9.602177571,87,19.32414444,0
17.09221222,142,9.881496346,1
15.17606249,130,11.95392496,1
14.04367071,121,13.36002416,1
11.45190467,101,16.9572016,0
22.51026361,181,3.167720618,1
15.69177668,133,11.30842184,1
22.80654474,183,2.805956334,1
24.58751446,195,0.564335226,1
7.876549365,73,21.36019089,0
21.7319349,175,4.135237083,1
10.69052402,95,17.9133227,0
16.58103952,139,10.47774862,1
6.267548903,63,22.8796002,0
15.79278774,134,11.11822657,1
19.1194408,155,7.089180175,1
23.83478251,190,1.488042788,1
1.187340194,29,28.42716136,0
16.63454872,139,10.44234567,1
19.3435882,157,6.682549756,1
13.58605482,117,13.98080135,1
8.527357317,77,20.53557496,0
4.436459815,50,25.00538873,0
22.34096997,179,3.329263544,1
15.36801816,131,11.70640239,1
3.097663741,41,26.46427808,0
15.31231482,131,11.82627303,1
8.775233474,80,20.25251172,0
8.552485158,78,20.46839146,0
6.829203572,66,22.39544693,0
21.86671948,176,4.012597556,1
2.02966082,34,27.69834688,0
0.312341232,22,29.54895145,0
1.155005621,29,28.45288033,0
22.98613937,184,2.674296504,1
21.99846446,176,3.67688597,1
24.27729699,193,0.971079683,1
23.09385004,185,2.446409213,1
0.546351742,24,29.33075304,0
9.142531194,84,19.69605606,0
24.4977596,195,0.674942787,1
14.20683575,123,13.10482402,1
21.1982338,170,4.923653191,1
24.60462218,196,0.537515608,1
5.193059155,56,24.1527469,0
24.66154929,197,0.43011676,1
10.44767902,94,18.13501821,0
16.60487693,139,10.47110228,1
2.610269304,38,26.92307578,0
18.1719383,150,8.197552526,1
12.96452141,112,15.12029844,1
19.74851089,160,6.294931384,1
14.98509195,129,12.17790755,1
20.64491521,167,5.254101233,1
1.609054854,31,28.08007126,0
13.27235321,115,14.52995453,1
3.890440955,46,25.68335498,0
10.51070863,94,18.07852748,0
24.83433061,198,0.229225308,1
12.50970355,109,15.58889971,0
5.446917175,57,23.91378588,0
17.55188267,145,9.12069871,1
18.75562851,154,7.454476545,1
0.775144317,26,29.04654211,0
4.632280295,51,24.81345196,0
23.63682241,188,1.808954969,1
18.816487,154,7.35684013,1
13.01742189,113,15.02057911,1
17.91622757,148,8.601890636,1
0.911520665,27,28.74585588,0
14.60227521,126,12.57863501,1
21.21040155,171,4.856504739,1
3.530098702,44,26.04989851,0
3.219715574,42,26.31099047,0
3.922645287,47,25.65111483,0
3.701157038,44,25.92659259,0
13.76839627,119,13.76508156,1
20.57401807,167,5.336105978,1
14.62415177,126,12.55646837,1
16.88469251,140,10.09944062,1
1.421363849,30,28.29629977,0
12.31826353,107,15.79956241,0
19.36000543,157,6.641848834,1
20.12724281,163,5.975889279,1
22.52951755,181,3.115991081,1
4.524396532,51,24.91968541,0
12.45015104,108,15.66800892,0
19.22379857,156,6.932600994,1
15.01027342,129,12.1299199,1
23.70040853,189,1.725432393,1
19.89892677,161,6.157768711,1
11.63301576,102,16.68704056,0
16.77847733,140,10.25801283,1
21.8554651,176,4.025945867,1
10.56281179,95,18.03502993,0
14.29960225,124,13.03187658,1
4.27515909,49,25.1885455,0
4.786846808,52,24.62460016,0
23.24221841,186,2.311885988,1
2.825106069,40,26.7900927,0
18.47773027,152,7.82150246,1
16.38084953,138,10.64215194,1
19.37465019,157,6.634973253,1
22.81910973,183,2.791868236,1
8.380237902,76,20.69729627,0
6.893128533,67,22.35450461,0
16.40658377,138,10.61767116,1
18.12837223,150,8.343809545,1
5.344056338,56,24.0781895,0
9.126306007,84,19.73520519,0
22.26717137,178,3.381354278,1
9.651836315,87,19.23153621,0
2.597089411,38,26.93262759,0
8.021728128,74,21.19452804,0
20.97400312,169,5.080873831,1
1.020484133,28,28.53478342,0
14.48877282,125,12.78400448,1
14.9393108,129,12.21385154,1
23.42032295,187,2.086150657,1
22.73019703,182,2.936160997,1
20.50419223,166,5.421236606,1
24.74937533,198,0.33254021,1
14.36460658,124,12.94461221,1
17.43598107,144,9.295771441,1
8.838341198,80,20.10496779,0
5.388251102,56,24.05993599,0
17.56454271,145,9.111999135,1
6.718038323,65,22.51849699,0
10.93438325,97,17.50316291,0
24.02514084,192,1.175921074,1
4.247254588,49,25.2206167,0
13.04101945,113,14.95960761,1
22.46837243,180,3.280787388,1
23.00244204,184,2.629333149,1
7.401039908,70,21.68614264,0
23.99817656,191,1.244934295,1
17.50480995,145,9.227478297,1
7.276707823,69,21.98947765,0
3.766202858,45,25.8690441,0
9.176079461,84,19.68767516,0
9.769378772,89,18.97085225,0
18.61867524,153,7.655779322,1
16.87491594,140,10.1277856,1
5.03402454,54,24.37982146,0
1.758111976,33,27.87527933,0
10.16986785,92,18.39623085,0
0.575602221,25,29.32042037,0
9.186215176,84,19.67288411,0
17.00380396,141,9.979462003,1
9.132716269,84,19.7276671,0
14.28627647,124,13.03422225,1
2.438011901,36,27.16048393,0
19.07891231,155,7.13884351,1
24.19002857,193,1.000322472,1
16.26579613,137,10.69263688,1
10.07823811,90,18.55860406,0
2.537140507,37,27.02174721,0
20.11429573,163,5.981861798,1
1.876305489,33,27.73368098,0
3.720379078,45,25.89504498,0
4.503380599,51,24.94078385,0
21.75651234,175,4.119055749,1
11.49745548,101,16.86681661,0
21.69178084,174,4.231292618,1
15.36735703,131,11.71658512,1
1.373961833,30,28.33693144,0
14.75968083,127,12.41671707,1
17.01221641,141,9.977850898,1
17.05695503,141,9.942921795,1
9.421276456,86,19.4707626,0
18.71733504,153,7.520814583,1
2.943565818,40,26.67225049,0
16.03888533,136,10.82671446,1
8.773307212,80,20.25543139,0
24.14291973,193,1.021654946,1
19.63837366,160,6.298012467,1
19.47659059,158,6.478087338,1
4.074749895,47,25.45555952,0
18.78914538,154,7.397992831,1
8.310802281,76,20.81934863,0
11.91273258,104,16.21902468,0
13.64903284,118,13.86940491,1
10.89938884,97,17.5921175,0
16.84493554,140,10.14019756,1
21.01829646,169,5.024856882,1
8.388859999,76,20.67611334,0
20.07091677,162,6.011587387,1
17.78877738,146,8.873958386,1
4.358180566,49,25.0991756,0
20.68601906,168,5.236400268,1
19.47277615,158,6.496287564,1
5.578695917,58,23.71737888,0
18.23004376,150,8.136550702,1
16.19386999,136,10.76699755,1
9.026423464,82,19.9091214,0
2.770756709,39,26.82165492,0
17.32199563,143,9.579170816,1
14.13003279,122,13.1433045,1
8.338610658,76,20.7856876,0
8.899935045,81,20.02544628,0
21.92250088,176,3.779313448,1
20.99190795,169,5.051810767,1
7.35486412,70,21.88949854,0
24.01008257,192,1.228260634,1
2.116001174,34,27.56239057,0
0.705540238,26,29.14655541,0
13.70430874,119,13.81461407,1
18.54668005,152,7.734525879,1
7.414400904,70,21.67490294,0
11.61011767,102,16.70490228,0
16.57888111,139,10.47784112,1
9.283472594,84,19.59276055,0
5.635808422,58,23.68722416,0
22.6352705,182,3.030766683,1
23.22860749,186,2.35753141,1
3.972905626,47,25.63011771,0
8.622429725,78,20.43682161,0
10.38417603,93,18.23283273,0
6.661869612,65,22.5674953,0
14.75813825,127,12.41782255,1
17.0623085,142,9.941365422,1
17.51065356,145,9.226459586,1
20.56870779,166,5.343722505,1
12.12842147,106,15.95245965,0
23.52976029,187,2.032854206,1
23.5391958,187,2.018830033,1
9.486098743,86,19.42731781,0
9.441739372,86,19.44091832,0
10.78335025,96,17.74807509,0
19.2346375,156,6.928244509,1
7.747602319,72,21.44454627,0
0.378358857,23,29.50616406,0
23.63886801,188,1.804679298,1
23.41570914,186,2.126019175,1
4.133252913,48,25.36513284,0
12.97332896,112,15.11869046,1
1.760299084,33,27.86032123,0
18.94053129,155,7.280012652,1
0.555230593,24,29.32268304,0
21.66505952,174,4.251061033,1
1.023749553,28,28.52771206,0
17.49912373,144,9.232579145,1
18.01625684,149,8.459889113,1
9.959348922,90,18.6927154,0
0.785750155,26,28.98592591,0
10.52057931,94,18.05295475,0
4.354901721,49,25.12305187,0
24.93588242,199,0.132468983,1
4.614751703,51,24.85914137,0
9.061440914,83,19.87014566,0
7.113862711,68,22.14637016,0
4.082371534,48,25.43558036,0
0.518322828,24,29.34852938,0
23.61421116,188,1.896084412,1
17.94591038,149,8.52192968,1
6.156113642,62,23.07760403,0
24.70278916,197,0.39997538,1
9.300453317,85,19.5549099,0
19.82014718,161,6.201593404,1
15.53424398,132,11.56949744,1
24.74569233,198,0.344821383,1
10.89264021,97,17.59547458,0
4.770547106,52,24.65101808,0
19.18986647,156,6.97123402,1
23.80842321,190,1.649557767,1
5.392103841,57,24.04211737,0
7.925818078,73,21.30552727,0
15.44869652,132,11.64439055,1
4.700162737,52,24.71862599,0
17.45330383,144,9.283071815,1
23.77312199,189,1.672847912,1
18.0520296,149,8.426108198,1
12.8331091,111,15.23713978,1
23.80629975,190,1.651838534,1
24.96700511,199,0.051875607,1
10.14302391,91,18.42949206,0
19.99602221,161,6.127679109,1
8.351239966,76,20.77111814,0
14.80396703,128,12.33716178,1
20.16373515,163,5.964621478,1
23.61697961,188,1.866517329,1
23.77219815,189,1.676954083,1
2.254515704,35,27.39692677,0
17.63203784,145,9.055547142,1
4.889987296,53,24.50747811,0
9.120541878,83,19.75431117,0
10.19610444,92,18.39321695,0
17.14199696,142,9.803942408,1
2.426490623,36,27.21402648,0
20.10626828,162,5.989079228,1
20.34461734,165,5.717303366,1
9.883011342,89,18.7842987,0
21.95117462,176,3.722797498,1
13.54680509,117,14.05215928,1
7.941395796,73,21.26920691,0
14.97131375,129,12.19779246,1
1.746124109,33,27.88498754,0
4.103707866,48,25.39634548,0
20.40929675,165,5.600629131,1
16.05896892,136,10.81430123,1
6.127273861,62,23.09605204,0
13.67763027,118,13.84149939,1
22.86165223,184,2.760143659,1
19.50215607,159,6.451713662,1
23.87572111,191,1.441979818,1
11.50297707,101,16.85802371,0
2.885008514,40,26.68741428,0
10.40432307,93,18.15896095,0
12.48752301,108,15.6200222,0
9.293976772,84,19.58285436,0
5.508948332,57,23.83742259,0
1.867617387,33,27.77781586,0
2.035928966,34,27.69140073,0
15.97093409,135,10.89064186,1
0.049893544,20,29.93796176,0
13.15414632,114,14.74606538,1
17.63572576,145,9.054705705,1
1.92938514,33,27.71566011,0
3.399923415,43,26.1730111,0
8.190877391,74,21.07514339,0
23.95482946,191,1.31109895,1
13.86832984,120,13.60854192,1
1.330277901,30,28.35830484,0
8.86304629,80,20.04827125,0
2.943295324,40,26.67609,0
3.111772649,41,26.46313145,0
13.24302065,115,14.53442271,1
14.23430896,123,13.05291321,1
13.41712167,116,14.30815583,1
20.3604186,165,5.658631073,1
4.689658819,52,24.73393255,0
5.184873058,55,24.16602529,0
21.84866226,175,4.043223972,1
7.823976493,72,21.42163167,0
21.44327954,173,4.497922479,1
14.02234576,121,13.47576172,1
23.44921103,187,2.050300427,1
18.42104701,151,7.867672465,1
6.856796235,67,22.36755803,0
3.025445733,41,26.56279821,0
8.341521189,76,20.77722651,0
17.96330553,149,8.512772333,1
0.774546901,26,29.0881695,0
15.75037028,134,11.20841888,1
6.647406389,64,22.57986418,0
15.22885069,130,11.907614,1
5.427867423,57,23.96167088,0
8.180620195,74,21.0809954,0
12.6134803,109,15.43234546,0
20.58349309,167,5.334914309,1
21.46087228,173,4.488074242,1
11.31589917,99,17.17777088,0
17.78129722,146,8.910254698,1
8.749394624,80,20.28965982,0
11.08325377,98,17.391037,0
0.862330459,27,28.82470834,0
16.23072613,137,10.73303636,1
22.72006798,182,2.955346817,1
15.68198706,133,11.3608764,1
20.47489827,166,5.481932149,1
14.92075586,129,12.23114939,1
0.199211251,22,29.68944956,0
0.681578318,26,29.17541988,0
7.109705289,68,22.15551565,0
2.296649609,35,27.30597875,0
1.66515562,32,27.97610309,0
7.856900516,73,21.3656052,0
5.699687619,58,23.60704677,0
15.0766255,130,12.04181279,1
23.87156318,190,1.453432018,1
12.60061122,109,15.46554031,0
22.78540971,183,2.847582306,1
17.30185514,143,9.579793954,1
1.739603521,32,27.90301657,0
23.04108788,185,2.504883792,1
9.93102668,89,18.7158611,0
7.959026757,73,21.22938684,0
6.409222267,64,22.72402016,0
1.300033097,30,28.37858175,0
20.27828027,164,5.870222168,1
4.755213773,52,24.66882883,0
14.88463142,128,12.26823268,1
9.658898367,87,19.22326968,0
8.207443834,74,21.01464592,0
0.479578832,24,29.39478791,0
17.27927482,143,9.622986739,1
8.127932968,74,21.12155365,0
21.03843782,169,5.015485463,1
0.075974508,20,29.86476397,0
18.19368524,150,8.165035526,1
13.17115188,114,14.71100251,1
6.225400614,62,22.94045992,0
24.10846234,193,1.06587355,1
14.12548381,122,13.17985507,1
20.02526765,162,6.080256543,1
11.54670721,102,16.7373876,0
22.6083026,181,3.058959681,1
14.89346665,128,12.26533687,1
14.66320725,126,12.53269734,1
12.8344237,111,15.23199187,1
24.8086,198,0.249703086,1
11.32237258,99,17.16199748,0
3.690879561,44,25.93586417,0
11.12677756,98,17.37019139,0
15.13613502,130,11.99540919,1
3.826048959,46,25.80359579,0
21.65272469,174,4.273413411,1
24.72413353,197,0.399919278,1
6.440528911,64,22.71023954,0
9.232827918,84,19.61544805,0
0.639814304,25,29.21249828,0
14.7098852,127,12.52416099,1
4.59438566,51,24.86362479,0
4.758646297,52,24.66378711,0
0.121850757,21,29.81294274,0
17.81941681,147,8.810309947,1
10.32040448,93,18.26873125,0
19.33790534,157,6.699631442,1
9.075870433,83,19.84858544,0
2.993110027,41,26.60652148,0
24.92045003,199,0.147906578,1
0.460849727,24,29.40363028,0
6.979293246,67,22.30251406,0
7.365831178,70,21.82046816,0
11.5196111,102,16.77714019,0
11.63394002,103,16.66793638,0
18.7130324,153,7.524934666,1
21.00452669,169,5.042615151,1
12.42189382,108,15.75627356,0
2.483591626,37,27.08939441,0
12.19490136,106,15.91016673,0
21.65632239,174,4.26316173,1
15.81117386,134,11.06975433,1
8.301916556,75,20.83234727,0
17.17251358,142,9.745706571,1
22.13111299,178,3.50681477,1
12.56388567,109,15.49541033,0
8.601098653,78,20.44879218,0
19.30584664,156,6.821014637,1
19.89241873,161,6.169393806,1
23.64830138,188,1.791094052,1
12.96086441,112,15.14918246,1
18.3377013,151,8.003845121,1
20.74202032,168,5.168627044,1
14.30211901,124,13.01201151,1
9.849273695,89,18.90133702,0
19.79863085,160,6.236656765,1
24.9397957,199,0.070509201,1
5.843622558,59,23.4015608,0
0.098238657,20,29.84323344,0
17.6210971,145,9.08164944,1
13.82716537,119,13.69370505,1
20.43515739,166,5.590049245,1
21.08777464,170,4.988138945,1
18.07573821,149,8.420254016,1
17.21623499,143,9.68894849,1
15.77943361,134,11.13648937,1
17.37111727,144,9.424761364,1
0.665904887,26,29.17736263,0
9.139208462,84,19.7113492,0
18.41774761,151,7.893911152,1
23.81117568,190,1.58843164,1
23.76555406,189,1.704134883,1
13.23633928,115,14.60615796,1
24.96542518,199,0.053103788,1
19.41506651,158,6.583180347,1
9.085340722,83,19.84657271,0
15.18880669,130,11.93137907,1
23.55277403,188,1.975727703,1
2.474696787,37,27.12772162,0
19.13532792,155,7.065660398,1
23.1460043,185,2.412254073,1
5.387623615,56,24.06812411,0
6.525734448,64,22.66413834,0
16.59008383,139,10.47199877,1
21.70838182,174,4.194189545,1
2.51906348,37,27.03492145,0
17.9267323,148,8.585372486,1
0.657809043,26,29.21224382,0
13.05971919,113,14.90317872,1
2.402484257,36,27.22713502,0
7.239071384,69,22.02403173,0
19.79268569,160,6.26012619,1
10.25611142,92,18.30897879,0
5.192406056,56,24.15634738,0
0.436462824,23,29.45029739,0
5.200390122,56,24.15117664,0
22.96542599,184,2.711951627,1
7.315711293,69,21.91192492,0
23.97200996,191,1.287747552,1
20.96023302,169,5.083711981,1
14.47991747,125,12.80428977,1
0.117192872,20,29.8215179,0
23.59774076,188,1.939750081,1
11.72157817,103,16.51456574,0
2.429743968,36,27.18905147,0
17.50166255,145,9.229669622,1
22.73850409,182,2.928538484,1
15.14561036,130,11.99289696,1
6.386256711,64,22.73701526,0
6.063662136,61,23.13491769,0
10.34759621,93,18.25891607,0
12.95587083,112,15.15179277,1
9.870846315,89,18.83664643,0
3.377881996,43,26.18511657,0
4.496268622,51,24.94930578,0
23.43389725,187,2.068125662,1
23.78784011,189,1.663282233,1
0.349965215,23,29.53096445,0
0.580609658,25,29.30726513,0
21.6236808,174,4.282007736,1
20.2245146,164,5.909780568,1
15.69822764,133,11.30678609,1
21.33122494,172,4.668974709,1
11.31910785,99,17.1624927,0
8.903056886,81,20.01834454,0
19.30684073,156,6.790875308,1
13.86406819,120,13.61343704,1
21.37488096,172,4.567825129,1
5.153058865,55,24.22789446,0
13.85043509,119,13.65588104,1
24.90425696,199,0.156806765,1
18.92058249,154,7.319686144,1
18.63799184,153,7.611509354,1
14.40308416,124,12.91271037,1
13.1659655,114,14.72951348,1
2.881268926,40,26.69081857,0
11.98770242,105,16.15709345,0
21.82889732,175,4.051278997,1
8.239896895,75,20.97147367,0
24.3496096,194,0.899502017,1
11.45813599,101,16.93461731,0
19.61825143,160,6.33201631,1
24.35942684,194,0.886418254,1
0.816066144,26,28.95017767,0
18.53367174,152,7.765811527,1
15.38977753,131,11.68973543,1
21.74486047,175,4.1311227,1
7.063466091,68,22.2393573,0
15.23000804,130,11.90387749,1
8.301070505,75,20.85216615,0
11.31742704,99,17.1706776,0
1.215210066,29,28.40249061,0
12.62678992,109,15.40514101,0
14.04888115,121,13.31405107,1
0.62121322,25,29.26702852,0
13.20113149,114,14.67165417,1
15.25310688,130,11.89259203,1
11.06560217,98,17.42539216,0
22.13081406,177,3.509566117,1
0.609966574,25,29.30026597,0
17.69352894,146,9.007461567,1
10.41589344,94,18.15635471,0
6.652662594,65,22.57757361,0
19.39754433,158,6.606572909,1
21.70849622,174,4.164599372,1
6.794283339,66,22.45004283,0
8.883289841,81,20.04153861,0
5.997694254,61,23.15136169,0
19.12097556,155,7.088441299,1
0.13676859,21,29.76202244,0
9.50674903,87,19.40663715,0
23.99840835,192,1.236584195,1
9.632553352,87,19.28854866,0
11.81207187,103,16.39308704,0
10.48408174,94,18.10831356,0
1.520213463,31,28.16047536,0
8.48260539,77,20.58235639,0
21.42133887,172,4.499469614,1
11.44610387,101,16.95781981,0
9.114112261,83,19.77241456,0
1.145390364,29,28.47149639,0
4.837590498,53,24.54826732,0
2.478046935,37,27.10751774,0
24.12195256,193,1.046934058,1
14.61662606,126,12.56332518,1
8.675504568,79,20.40705645,0
20.61981425,167,5.303923748,1
21.72109911,175,4.154689478,1
21.67025976,174,4.250085567,1
17.41832743,144,9.331889929,1
0.2806249,22,29.63625975,0
19.79045181,160,6.265114175,1
2.133685855,34,27.54842997,0
4.78423701,52,24.63800063,0
7.518108861,71,21.58646076,0
13.94496169,120,13.51527839,1
6.812876394,66,22.42161373,0
5.237594445,56,24.13577889,0
16.35797379,137,10.65682687,1
24.93298944,199,0.14115534,1
21.06862133,170,5.004442737,1
21.69300737,174,4.217282901,1
24.67594863,197,0.404654993,1
12.60982795,109,15.44625342,0
5.762129022,59,23.506586,0
6.878541258,67,22.3593679,0
12.37851761,108,15.77591005,0
11.360735,100,17.08758828,0
11.94628763,105,16.17776153,0
11.48238529,101,16.88401392,0
19.57658452,160,6.359485322,1
12.19944543,107,15.89319411,0
20.68155691,168,5.236536778,1
21.38914318,172,4.523714859,1
21.19901674,171,4.90940133,1
24.92113988,199,0.145295512,1
21.37723993,172,4.563231637,1
9.811897485,89,18.91608423,0
2.133663839,34,27.56087666,0
24.87864877,198,0.15830405,1
11.93369016,105,16.19004626,0
6.500115835,64,22.67024589,0
4.10019114,48,25.41701018,0
5.924253966,60,23.25235998,0
18.33716137,151,8.026981088,1
15.02071453,129,12.10868522,1
10.83965033,96,17.63999392,0
13.55681745,117,13.98195241,1
9.186034016,84,19.68007213,0
19.92374971,161,6.153645855,1
1.71265992,32,27.93630459,0
13.54520903,117,14.06498738,1
5.157397911,55,24.22633636,0
20.46414545,166,5.488783636,1
20.49148875,166,5.471672186,1
2.07584222,34,27.6138548,0
10.70652979,95,17.89485369,0
12.01042281,105,16.10962602,0
24.78533662,198,0.287777418,1
19.30281766,156,6.875847396,1
6.469991975,64,22.68510228,0
23.91483486,191,1.312199973,1
9.407594074,85,19.48167839,0
12.47347982,108,15.64147359,0
6.737163215,66,22.48898946,0
9.739681226,88,19.07852613,0
23.20505639,186,2.366843913,1
10.39355054,93,18.217791,0
17.88506172,148,8.632569853,1
4.201427207,49,25.30035849,0
21.75642942,175,4.129126716,1
4.149998705,48,25.34164716,0
14.98774298,129,12.15475918,1
16.96196403,141,9.99498471,1
5.853586549,60,23.36032767,0
4.991509043,54,24.41999266,0
24.1728185,193,1.017561407,1
11.14403435,98,17.34812251,0
9.983722929,90,18.64036965,0
8.146987917,74,21.11300637,0
6.377869929,64,22.75849707,0
23.96865074,191,1.30191291,1
15.36051342,131,11.78248626,1
18.34645072,151,7.988304783,1
8.813703688,80,20.14223863,0
23.36274517,186,2.177867514,1
17.06996524,142,9.936904982,1
21.283794,171,4.740079232,1
16.26284241,137,10.69654251,1
14.38272364,124,12.92974239,1
17.18711876,143,9.71897684,1
8.780567122,80,20.2461012,0
21.61759242,174,4.291376187,1
1.185494641,29,28.43302771,0
19.89762963,161,6.161742391,1
6.549837754,64,22.64767865,0
20.50035596,166,5.459541673,1
24.26136936,193,0.971577873,1
23.55122175,188,1.977383493,1
15.96248068,135,10.90043451,1
4.083676276,48,25.41882061,0
2.495836205,37,27.06272089,0
13.33106237,115,14.45195158,1
3.079268305,41,26.49849382,0
18.24780016,150,8.102021235,1
9.80826601,89,18.9289317,0
5.530069679,57,23.77956091,0
5.811917347,59,23.42830574,0
2.259755312,35,27.34616064,0
17.59770883,145,9.095421331,1
1.383932788,30,28.3189882,0
7.922913345,73,21.31842736,0
19.55546476,160,6.409155627,1
17.74723313,146,8.927686482,1
5.160448623,55,24.22303565,0
10.16529497,92,18.40572214,0
1.289890064,30,28.39059103,0
6.764029064,66,22.482869,0
1.64879127,32,27.98247829,0
10.13510209,91,18.43667288,0
18.05270906,149,8.425264738,1
1.909433786,33,27.72356121,0
0.838304943,27,28.84996161,0
13.50354575,116,14.11274513,1
5.520923745,57,23.78773114,0
15.8453091,134,11.03253593,1
12.25709539,107,15.83241623,0
14.49140798,125,12.77681305,1
24.24573138,193,0.994646898,1
5.558521446,58,23.74376818,0
21.59862863,174,4.339189154,1
14.99223016,129,12.14536217,1
19.45964969,158,6.526608138,1
12.8533017,111,15.20123101,1
9.098559614,83,19.79810856,0
21.25468421,171,4.772506566,1
16.09284186,136,10.78847826,1
14.35269472,124,12.95416063,1
7.831945605,72,21.3921915,0
2.784872767,39,26.82053932,0
2.42834397,36,27.19854233,0
23.29910205,186,2.261238673,1
15.15520065,130,11.9903948,1
17.08447302,142,9.895289844,1
14.54176986,125,12.65936452,1
19.23317159,156,6.928471068,1
9.177311815,84,19.68506252,0
22.61248966,181,3.048373916,1
14.39028608,124,12.91341068,1
0.146568037,21,29.74685095,0
23.0412622,185,2.502070641,1
13.00436249,112,15.0257465,1
7.192225242,69,22.07403613,0
13.76177733,119,13.79864232,1
16.11536443,136,10.77507566,1
16.87894716,140,10.10852031,1
20.27098001,164,5.878150256,1
5.978613168,61,23.18669395,0
2.955248169,40,26.66928406,0
24.25660426,193,0.973894021,1
15.82252548,134,11.05726177,1
22.88489132,184,2.743908332,1
21.57105452,173,4.351587075,1
21.382205,172,4.544296446,1
0.800448162,26,28.95466686,0
18.08173033,149,8.3960867,1
24.28394441,193,0.963516545,1
2.670120815,38,26.88674012,0
9.04556725,82,19.89380806,0
3.14850708,42,26.38334203,0
4.873464366,53,24.5259764,0
12.50021991,109,15.60448479,0
17.73094635,146,8.96805879,1
13.53893687,117,14.07251204,1
21.28175589,171,4.741879544,1
9.772916083,89,18.96974399,0
14.59776549,126,12.59281587,1
6.442764291,64,22.69546587,0
24.93716068,199,0.102492287,1
10.84931752,96,17.63960557,0
12.4133032,108,15.76125443,0
6.855721556,67,22.37777918,0
15.21509261,130,11.90990868,1
20.66058222,167,5.23870555,1
5.561745711,58,23.73516503,0
14.04183885,121,13.36750912,1
18.28013465,150,8.091864055,1
20.92694854,169,5.104522099,1
10.1603403,91,18.40583469,0
5.953916317,60,23.23976279,0
13.13984377,114,14.77044963,1
4.890570756,53,24.50150134,0
11.26795071,99,17.23374583,0
14.76152881,127,12.37823925,1
10.10388054,91,18.48711708,0
21.81673161,175,4.074586533,1
17.11051856,142,9.830771047,1
21.96289284,176,3.713106907,1
22.29432137,179,3.362428475,1
1.512491814,31,28.16142541,0
15.5924433,133,11.53505483,1
14.21239511,123,13.10317973,1
13.99513341,120,13.48578404,1
15.06844696,130,12.04756213,1
12.83878085,111,15.22401789,1
0.425025013,23,29.46459295,0
2.539020553,37,27.01303676,0
4.763692352,52,24.65715815,0
18.06372305,149,8.421950807,1
9.194503414,84,19.67191701,0
22.51059707,181,3.141729656,1
12.92646243,112,15.15892076,1
4.45935147,50,24.9877601,0
3.557568636,44,25.99812644,0
3.191713038,42,26.34158754,0
9.739237912,88,19.08978766,0
24.3042834,194,0.918829633,1
17.62157649,145,9.075076797,1
6.568439625,64,22.59304145,0
6.267092324,63,22.88562043,0
3.630459058,44,25.98026362,0
4.160631281,48,25.32246075,0
0.187183375,22,29.70504559,0
3.639125067,44,25.96780278,0
2.199704829,34,27.46684982,0
13.03634054,113,14.97269912,1
3.930295781,47,25.64635224,0
17.49470845,144,9.244149762,1
3.007297581,41,26.57832902,0
2.928612813,40,26.67922961,0
15.12221666,130,12.02421803,1
4.813398175,53,24.58998925,0
8.06731326,74,21.17633349,0
19.31544511,157,6.774978539,1
10.68533778,95,17.91671929,0
9.726874223,88,19.10175061,0
9.012865296,82,19.92501661,0
2.962176181,40,26.66690196,0
6.534040896,64,22.65978607,0
21.12349114,170,4.971266043,1
13.9612524,120,13.50031346,1
0.59622085,25,29.30096839,0
12.56362136,109,15.5235629,0
20.36621301,165,5.643956318,1
22.23000696,178,3.396694394,1
2.210513335,34,27.46668898,0
18.17897302,150,8.189466534,1
15.17440572,130,11.9565737,1
12.44168714,108,15.6904086,0
3.764454828,45,25.87745524,0
4.682493222,52,24.76102837,0
8.747601332,79,20.29881483,0
12.73689704,111,15.28568516,1
8.192361565,74,21.05578415,0
21.982064,176,3.689835236,1
20.46970764,166,5.483059522,1
22.07806729,177,3.607110021,1
3.675365134,44,25.93634376,0
3.302703914,42,26.26356986,0
11.7588898,103,16.42953603,0
20.06863608,162,6.056295683,1
3.181261245,42,26.37536458,0
6.956237764,67,22.30983871,0
2.31401889,35,27.26653949,0
6.347653516,63,22.7836221,0
8.545416777,78,20.49586582,0
8.593179627,78,20.45366061,0
17.99783007,149,8.465308787,1
22.28711035,179,3.373799156,1
6.12261671,62,23.11552766,0
8.192924374,74,21.04703217,0
11.87525064,104,16.24873204,0
17.39718502,144,9.382464572,1
24.98802337,199,0.030892628,1
5.948055856,60,23.24685539,0
15.23175372,130,11.8954579,1
2.36240734,35,27.22969692,0
21.46511477,173,4.48426998,1
16.40153631,138,10.62753375,1
2.619085036,38,26.90524559,0
1.443556286,30,28.27016947,0
3.991342684,47,25.56178683,0
9.478702941,86,19.4314037,0
6.821305117,66,22.41197768,0
22.60514201,181,3.085843026,1
24.8550339,198,0.210109067,1
23.26635472,186,2.282409395,1
5.893979876,60,23.28242401,0
17.20176706,143,9.701112816,1
3.443570072,43,26.11445808,0
13.85275709,119,13.64519984,1
15.00000824,129,12.13829068,1
6.736991711,66,22.49447853,0
21.87640371,176,3.986285566,1
15.84740422,134,11.03010502,1
14.33891723,124,12.97946683,1
16.76374637,140,10.38764793,1
12.24065247,107,15.86357587,0
4.537776072,51,24.90120404,0
20.54559806,166,5.396444193,1
7.050277799,67,22.24815581,0
0.450528224,24,29.42519157,0
21.36080497,172,4.653933451,1
23.3690057,186,2.14872595,1
15.12531644,130,12.00379008,1
22.6848543,182,2.988545434,1
9.42232352,86,19.45484219,0
23.34207391,186,2.204429067,1
22.83955141,183,2.776406193,1
6.711514482,65,22.52410109,0
9.853423752,89,18.88271736,0
6.27170417,63,22.87302502,0
9.757651818,88,19.05133781,0
11.25475003,99,17.2475603,0
3.825675908,46,25.81532988,0
8.331021478,76,20.79099038,0
4.617451586,51,24.81679958,0
6.905903111,67,22.35314278,0
13.61020744,118,13.97390082,1
3.370182533,42,26.19997872,0
21.90226149,176,3.84988448,1
11.10829789,98,17.38079433,0
1.096246184,28,28.48281768,0
15.82402951,134,11.03878035,1
18.72521343,153,7.498523061,1
3.146530817,42,26.38585072,0
14.08803539,122,13.24850848,1
11.75054741,103,16.44724493,0
4.051438435,47,25.47652389,0
6.108915437,62,23.1197321,0
9.721189614,88,19.11597334,0
9.671760215,87,19.19292126,0
11.99045359,105,16.12449941,0
10.92116589,97,17.54267297,0
4.476279974,50,24.97219545,0
4.973287721,54,24.45347686,0
4.797026777,52,24.61790155,0
4.730699814,52,24.69211921,0
4.588779526,51,24.86440718,0
18.16302724,150,8.316610692,1
9.019787072,82,19.92202707,0
8.498997369,77,20.5541005,0
4.671983705,52,24.78299632,0
12.24346768,107,15.84882172,0
16.64157018,139,10.43952673,1
9.872345235,89,18.7966484,0
7.219856025,69,22.04581599,0
9.121722534,83,19.75034554,0
7.270903906,69,21.99712455,0
5.268807489,56,24.12416291,0
5.661091424,58,23.64634071,0
6.721889103,65,22.50598927,0
22.67689782,182,3.001154248,1
22.75540376,182,2.917371105,1
20.43165752,165,5.591201941,1
0.208390506,22,29.67981378,0
4.143852941,48,25.36089684,0
4.588584961,51,24.87233565,0
12.5974514,109,15.48128602,0
23.38850774,186,2.128179797,1
7.88267755,73,21.35008056,0
13.66486096,118,13.8459319,1
10.57754872,95,18.01577116,0
12.39423237,108,15.76586734,0
10.56582667,95,18.01982126,0
9.89921514,89,18.76980524,0
23.04950831,185,2.478094056,1
17.98910641,149,8.478094217,1
12.21389032,107,15.87831625,0
16.37175563,137,10.64332643,1
20.2742249,164,5.871017398,1
14.1553534,123,13.13236529,1
11.73650464,103,16.48141741,0
13.92463376,120,13.5515058,1
15.11717265,130,12.02437461,1
16.06252177,136,10.80632218,1
11.78616999,103,16.39709565,0
21.79442894,175,4.117388359,1
4.991208478,54,24.43456691,0
8.887137584,81,20.03981334,0
15.80540258,134,11.08703466,1
11.3884047,100,17.01801593,0
1.558636376,31,28.14480593,0
10.66255198,95,17.94049292,0
3.327405817,42,26.23534097,0
0.281160584,22,29.58981504,0
3.144734532,42,26.41532249,0
24.80608342,198,0.249847958,1
20.88501022,169,5.121474229,1
4.024658478,47,25.49838293,0
12.38749301,108,15.77185675,0
2.572085643,38,26.94473801,0
3.907641368,46,25.66846722,0
9.541321123,87,19.39083464,0
13.49447225,116,14.11443025,1
12.75538414,111,15.27096568,1
12.60856811,109,15.45391675,0
10.14612177,91,18.42567933,0
10.20225957,92,18.38641288,0
9.29522688,85,19.56298611,0
14.710811,127,12.51926523,1
21.51671776,173,4.371676217,1
9.417856245,85,19.47471921,0
5.449894738,57,23.90157184,0
18.7791771,154,7.421257966,1
17.34151448,143,9.553095446,1
21.61103973,174,4.298994497,1
6.250100298,63,22.90107806,0
3.87574458,46,25.72078857,0
19.35417836,157,6.655672927,1
11.39210243,100,17.01187241,0
10.90138224,97,17.58747204,0
5.973556865,61,23.18827428,0
1.155484012,29,28.44767391,0
14.34956571,124,12.95929866,1
2.08536357,34,27.58347852,0
7.897627667,73,21.32758905,0
17.78395165,146,8.895110925,1
1.364913279,30,28.35002812,0
11.37058421,100,17.04248237,0
11.39493209,100,17.00730838,0
20.9712745,169,5.082062002,1
12.98960444,112,15.04949389,1
20.600298,167,5.315673881,1
4.987735046,54,24.43802688,0
5.169669664,55,24.18975195,0
24.86306008,198,0.193222872,1
17.73279855,146,8.958837892,1
9.458101592,86,19.43851312,0
11.49724398,101,16.87758977,0
4.346511001,49,25.15159217,0
15.0641363,129,12.05037385,1
20.70584478,168,5.206511955,1
11.06093715,98,17.42945153,0
7.276953977,69,21.97857488,0
5.75526102,58,23.50683706,0
7.390178092,70,21.76364056,0
12.65367825,109,15.4041902,0
20.98009062,169,5.067694244,1
22.6272504,181,3.041442015,1
3.981467968,47,25.59667471,0
13.50729073,116,14.10989647,1
11.63739961,103,16.65309047,0
0.351226333,23,29.53042643,0
3.547852619,44,26.02270763,0
15.18183251,130,11.93294676,1
0.070808382,20,29.89699143,0
9.954435995,90,18.70268656,0
19.479404,159,6.455552377,1
14.60261357,126,12.56900299,1
4.212001642,49,25.26674782,0
15.64990404,133,11.42163261,1
5.207011814,56,24.14783757,0
19.46389157,158,6.513509703,1
0.449773866,24,29.43197778,0
17.06717306,142,9.941140867,1
21.72154698,175,4.14647729,1
9.977749077,90,18.65508698,0
6.976209024,67,22.30577663,0
7.675718053,71,21.51803462,0
23.3290988,186,2.230418628,1
3.52411552,43,26.07034742,0
20.94085109,169,5.084793657,1
9.660463643,87,19.21903502,0
18.67296,153,7.571211526,1
13.20721588,114,14.64026811,1
7.275620086,69,21.99460787,0
10.67778454,95,17.93026529,0
17.29153011,143,9.616212387,1
9.022266452,82,19.91913624,0
23.69678056,189,1.745930401,1
11.29557959,99,17.19869305,0
10.95456276,98,17.47884477,0
14.09749538,122,13.23484671,1
0.962379584,28,28.62368811,0
22.42447946,180,3.293811972,1
17.46716227,144,9.27610275,1
18.8505073,154,7.356807346,1
4.31571957,49,25.18401936,0
4.535161708,51,24.91042662,0
20.48921775,166,5.478837963,1
4.323898596,49,25.17018791,0
12.94601769,112,15.15227348,1
13.45264621,116,14.18054542,1
16.72211847,140,10.39532943,1
18.06042766,149,8.424418468,1
22.69637662,182,2.974449397,1
10.84995767,96,17.63810242,0
10.59135477,95,18.00406448,0
2.620608063,38,26.90480334,0
16.35400571,137,10.66824016,1
9.064268034,83,19.86816806,0
0.052888197,20,29.92082519,0
9.892050661,89,18.77433811,0
1.030348287,28,28.5118537,0
16.60978097,139,10.4506181,1
23.60281142,188,1.932930496,1
1.615243464,32,28.07411838,0
4.975540306,54,24.45327043,0
20.65721614,167,5.245075511,1
10.42123125,94,18.13919198,0
17.15652114,142,9.778157628,1
10.10637524,91,18.48505027,0
12.32955611,107,15.7899876,0
13.86850243,120,13.5880119,1
20.4989486,166,5.464763153,1
0.688970113,26,29.15302305,0
5.486884957,57,23.86782805,0
21.49624218,173,4.406107239,1
14.72500823,127,12.50582779,1
24.52987509,195,0.618129118,1
19.17214414,156,7.060277928,1
17.84927598,147,8.723076018,1
3.410842579,43,26.15090654,0
2.976027434,40,26.62617375,0
4.81308889,53,24.59891791,0
18.46180385,152,7.842270646,1
22.48993106,180,3.231705413,1
17.35424373,143,9.48946255,1
6.566839028,64,22.63599735,0
0.923896662,27,28.6665808,0
12.14189328,106,15.92814378,0
4.699087529,52,24.72096443,0
20.70832739,168,5.202973899,1
6.008150912,61,23.14583418,0
15.85759982,134,11.02984847,1
6.518078926,64,22.66988514,0
24.46628563,195,0.698973296,1
18.98629657,155,7.243953048,1
18.23848516,150,8.119928777,1
6.288856989,63,22.85551027,0
21.05662094,169,5.010199373,1
8.810295993,80,20.18381154,0
20.6105619,167,5.307941915,1
12.30161409,107,15.79985668,0
1.719484612,32,27.92415572,0
14.43419903,124,12.88024185,1
6.929481368,67,22.35304285,0
8.169007943,74,21.10502444,0
9.602671411,87,19.32190874,0
14.97679334,129,12.18210842,1
8.244973428,75,20.97011455,0
24.12371623,193,1.043163346,1
19.62933411,160,6.311433185,1
6.610161472,64,22.58154722,0
21.54995037,173,4.368451988,1
12.9261066,112,15.16308412,1
5.487178499,57,23.86244246,0
22.80944407,183,2.800171119,1
3.031369304,41,26.54082565,0
5.967841327,60,23.23643538,0
3.792084085,45,25.82601772,0
7.425550555,70,21.64565193,0
2.46829664,36,27.13299387,0
16.82998943,140,10.16806044,1
0.659958962,26,29.21127943,0
18.41573919,151,7.895340389,1
10.56030874,95,18.04231117,0
12.11125293,106,15.95597616,0
8.179192829,74,21.08330145,0
11.90974101,104,16.22296731,0
12.02099545,106,16.08895787,0
22.99470438,184,2.648443384,1
1.584594858,31,28.09254731,0
10.21493503,92,18.37712812,0
6.393476289,64,22.73357428,0
10.27519281,93,18.2825241,0
6.726816405,65,22.50388487,0
12.43482104,108,15.72798853,0
24.41155645,194,0.789358021,1
21.4666377,173,4.472601967,1
20.28183075,164,5.835359429,1
17.54900534,145,9.159332073,1
17.52223223,145,9.199732333,1
2.607817311,38,26.93048259,0
0.898541207,27,28.76196642,0
18.07784684,149,8.40060849,1
24.89821948,198,0.15726028,1
8.745466248,79,20.30742367,0
1.734566499,32,27.91424008,0
16.33855426,137,10.66878327,1
3.209257994,42,26.3304882,0
24.66567195,197,0.42832626,1
13.02963898,113,15.01288613,1
23.22972775,186,2.327061024,1
13.52669987,117,14.09197182,1
24.36781997,194,0.868585716,1
15.72604033,133,11.26435352,1
17.0809813,142,9.91184999,1
7.290071676,69,21.94290998,0
11.74899138,103,16.47030263,0
8.604221764,78,20.44442945,0
24.19516354,193,0.996480017,1
13.08910257,113,14.80297602,1
22.42599958,180,3.291684651,1
19.87041164,161,6.179523577,1
24.65700172,197,0.468427558,1
20.31767972,164,5.786399052,1
16.93064323,141,10.09368288,1
4.078519958,48,25.44133251,0
21.33365705,172,4.666284419,1
12.63890082,109,15.40454473,0
2.486831499,37,27.08754076,0
2.436372055,36,27.17067048,0
14.87852032,128,12.28428571,1
13.29890299,115,14.49674634,1
24.50980341,195,0.647311664,1
3.769157846,45,25.83894424,0
13.59649953,118,13.97985966,1
14.51402205,125,12.77210238,1
21.25459729,171,4.783202015,1
10.85316973,96,17.62459626,0
23.58955057,188,1.963493278,1
24.6484306,197,0.49071059,1
8.893003203,81,20.02788317,0
14.17530394,123,13.11662998,1
16.41946109,138,10.60659112,1
12.44104341,108,15.71309336,0
15.07817091,130,12.03586763,1
0.458040194,24,29.40463467,0
8.422380761,76,20.65870241,0
0.61318624,25,29.2942376,0
23.97826463,191,1.283092829,1
16.95139494,141,10.03087705,1
7.981817023,73,21.22170052,0
23.45171793,187,2.043928285,1
21.37161543,172,4.611815653,1
22.23141778,178,3.395746896,1
3.507085147,43,26.08131657,0
4.703887387,52,24.69551396,0
0.130263335,21,29.80560858,0
1.875174308,33,27.73742847,0
22.59810933,181,3.094174339,1
21.48618073,173,4.441043162,1
4.607750882,51,24.86236743,0
6.934454631,67,22.32721768,0
12.00467456,105,16.11034475,0
15.07264691,130,12.04396177,1
14.96533632,129,12.19812929,1
19.25867299,156,6.908412427,1
14.91269835,128,12.26207447,1
15.84131045,134,11.03538112,1
19.01307178,155,7.182430485,1
15.73806825,133,11.23736254,1
4.397490356,50,25.06281404,0
11.52309227,102,16.77530279,0
20.10134241,162,5.999395779,1
23.03552683,185,2.526806065,1
12.77249445,111,15.25579988,1
17.20324495,143,9.696248108,1
10.44103324,94,18.13841989,0
22.64969563,182,3.025735446,1
17.37077865,144,9.429652614,1
1.525994957,31,28.15606781,0
5.850266945,60,23.36761741,0
10.7264201,95,17.85243694,0
11.02872435,98,17.44352999,0
8.642722551,79,20.42725625,0
24.29022681,194,0.951491145,1
9.685492243,87,19.19186447,0
16.20930973,137,10.74143284,1
9.732294909,88,19.09829899,0
20.35698596,165,5.688393929,1
19.44036307,158,6.545622048,1
22.90251287,184,2.727255303,1
19.88381596,161,6.176999398,1
1.065682007,28,28.49393267,0
18.56157778,152,7.714735342,1
13.53356272,117,14.08793827,1
9.236702718,84,19.60428828,0
24.09602683,193,1.072586738,1
0.902206611,27,28.75691157,0
12.60457326,109,15.45777021,0
10.04975132,90,18.57347942,0
9.001908827,82,19.94126473,0
4.917180255,54,24.47967519,0
24.0133954,192,1.221804812,1
6.266867073,63,22.88926269,0
17.86438609,147,8.705900898,1
14.44741088,125,12.84687534,1
10.71003945,95,17.87472676,0
12.05245517,106,15.98792411,0
8.162486661,74,21.1051218,0
12.7521404,111,15.28227592,1
8.758531055,80,20.27358183,0
9.694666076,87,19.17584734,0
8.246892052,75,20.95664101,0
1.625082856,32,28.05646753,0
10.67223988,95,17.93864649,0
7.399437094,70,21.7142475,0
6.260871095,63,22.90095017,0
21.275057,171,4.742487001,1
13.85885973,119,13.64398982,1
16.79897396,140,10.23651735,1
4.221394695,49,25.24242868,0
11.50819494,101,16.8453865,0
7.831346639,72,21.39478593,0
6.793483644,66,22.45060493,0
9.63781922,87,19.27144008,0
13.38833056,116,14.3324884,1
23.69242806,189,1.748931103,1
21.87597358,176,3.994246461,1
11.17217783,98,17.312604,0
17.00037497,141,9.989469479,1
5.913365415,60,23.25843223,0
17.43529212,144,9.298003216,1
15.36904372,131,11.69524427,1
2.476206,37,27.11623821,0
14.6130315,126,12.56395044,1
0.223799705,22,29.6642045,0
12.10736538,106,15.95671068,0
12.76876027,111,15.26007232,1
14.12560131,122,13.15735628,1
24.30351818,194,0.929653334,1
18.79931044,154,7.395042229,1
13.90655317,120,13.55539131,1
17.69440713,146,8.994191919,1
17.32674484,143,9.576278984,1
7.038211076,67,22.251149,0
8.850311919,80,20.06379727,0
14.13060643,122,13.14292171,1
9.19464327,84,19.67130683,0
10.11357773,91,18.46883232,0
24.98938792,199,0.011314103,1
15.67956411,133,11.36712327,1
14.55351006,125,12.65040867,1
15.54890674,132,11.55434964,1
7.291091908,69,21.93197086,0
0.29248232,22,29.58286843,0
8.231615277,75,20.98631283,0
6.296831062,63,22.82300609,0
3.985212357,47,25.57976082,0
15.48180782,132,11.63963419,1
19.07913983,155,7.12510831,1
19.29117915,156,6.90744037,1
19.53539706,159,6.436422361,1
9.922613047,89,18.75243597,0
15.96559653,135,10.89512392,1
19.85412333,161,6.187235936,1
23.85792809,190,1.4645073,1
24.41569828,194,0.763607996,1
7.07496678,68,22.20538846,0
5.361822111,56,24.07803805,0
2.506671201,37,27.0451844,0
24.60386737,196,0.542633889,1
13.89641969,120,13.58297438,1
7.897878852,73,21.31976201,0
19.80379198,161,6.212314007,1
19.10552326,155,7.107744622,1
24.29739043,194,0.931594188,1
14.30293997,124,13.01000915,1
0.629458279,25,29.25473358,0
5.086411948,55,24.30934249,0
11.50236042,101,16.86602608,0
17.51336507,145,9.224054334,1
6.209403138,62,22.94662868,0
1.452143906,30,28.26140241,0
4.001969715,47,25.50667801,0
3.127887706,41,26.44426188,0
12.5974663,109,15.47025567,0
11.46354097,101,16.9147673,0
24.37992464,194,0.867347601,1
14.11129392,122,13.20858167,1
17.44204204,144,9.286264573,1
20.3702255,165,5.637465675,1
14.59157266,126,12.59454972,1
15.62806932,133,11.45318323,1
2.978210836931515,47,16.872073571054372,0
2.978210836931515,47,16.872073571054372,0
7.15,90,10.32,0
